LABEL,TRACK_ID,SPOT_SOURCE_ID,SPOT_TARGET_ID,LINK_COST,DIRECTIONAL_CHANGE_RATE,SPEED,DISPLACEMENT,EDGE_TIME,EDGE_X_LOCATION,EDGE_Y_LOCATION,EDGE_Z_LOCATION,MANUAL_EDGE_COLOR
Label,Track ID,Source spot ID,Target spot ID,Edge cost,Directional change rate,Speed,Displacement,Edge time,Edge X,Edge Y,Edge Z,Manual edge color
Label,Track ID,Source ID,Target ID,Cost,γ rate,Speed,Disp.,Edge T,Edge X,Edge Y,Edge Z,Edge color
,,,,(cost),(rad/frame),(pixel/frame),(pixel),(frame),(pixel),(pixel),(pixel),
ID19583 → ID19576,0,,,,,,,,,,,
ID20065 → ID19990,0,,,,,,,,,,,
ID20129 → ID20161,0,,,,,,,,,,,
ID19415 → ID19423,0,,,,,,,,,,,
ID20312 → ID20291,0,,,,,,,,,,,
ID19219 → ID19258,0,,,,,,,,,,,
ID19990 → ID20020,0,,,,,,,,,,,
ID19618 → ID19651,0,,,,,,,,,,,
ID21419 → ID21474,0,,,,,,,,,,,
ID20073 → ID20096,0,,,,,,,,,,,
ID21502 → ID21541,0,,,,,,,,,,,
ID21228 → ID21240,0,,,,,,,,,,,
ID19679 → ID19684,0,,,,,,,,,,,
ID20027 → ID20005,0,,,,,,,,,,,
ID20945 → ID20864,0,,,,,,,,,,,
ID22236 → ID22248,0,,,,,,,,,,,
ID19684 → ID19668,0,,,,,,,,,,,
ID21225 → ID21287,0,,,,,,,,,,,
ID22149 → ID22139,0,,,,,,,,,,,
ID20161 → ID20139,0,,,,,,,,,,,
ID21962 → ID21915,0,,,,,,,,,,,
ID19527 → ID19489,0,,,,,,,,,,,
ID19651 → ID19635,0,,,,,,,,,,,
ID21973 → ID21978,0,,,,,,,,,,,
ID21978 → ID21995,0,,,,,,,,,,,
ID22160 → ID22171,0,,,,,,,,,,,
ID19234 → ID19265,0,,,,,,,,,,,
ID21435 → ID21460,0,,,,,,,,,,,
ID19324 → ID19428,0,,,,,,,,,,,
ID19795 → ID19802,0,,,,,,,,,,,
ID21668 → ID21681,0,,,,,,,,,,,
ID21882 → ID21856,0,,,,,,,,,,,
ID20603 → ID20613,0,,,,,,,,,,,
ID20664 → ID20672,0,,,,,,,,,,,
ID20973 → ID20985,0,,,,,,,,,,,
ID21809 → ID21830,0,,,,,,,,,,,
ID20447 → ID20463,0,,,,,,,,,,,
ID21541 → ID21528,0,,,,,,,,,,,
ID20113 → ID20146,0,,,,,,,,,,,
ID20805 → ID20822,0,,,,,,,,,,,
ID19995 → ID20042,0,,,,,,,,,,,
ID21711 → ID21768,0,,,,,,,,,,,
ID19339 → ID19355,0,,,,,,,,,,,
ID20504 → ID20517,0,,,,,,,,,,,
ID21616 → ID21636,0,,,,,,,,,,,
ID19198 → ID19306,0,,,,,,,,,,,
ID20517 → ID20479,0,,,,,,,,,,,
ID20964 → ID20908,0,,,,,,,,,,,
ID19830 → ID19882,0,,,,,,,,,,,
ID20579 → ID20594,0,,,,,,,,,,,
ID21200 → ID21206,0,,,,,,,,,,,
ID20570 → ID20551,0,,,,,,,,,,,
ID20822 → ID20813,0,,,,,,,,,,,
ID20560 → ID20579,0,,,,,,,,,,,
ID21093 → ID21006,0,,,,,,,,,,,
ID19465 → ID19445,0,,,,,,,,,,,
ID20424 → ID20432,0,,,,,,,,,,,
ID19576 → ID19615,0,,,,,,,,,,,
ID21645 → ID21655,0,,,,,,,,,,,
ID19750 → ID19764,0,,,,,,,,,,,
ID21598 → ID21607,0,,,,,,,,,,,
ID20646 → ID20630,0,,,,,,,,,,,
ID19504 → ID19553,0,,,,,,,,,,,
ID21083 → ID21113,0,,,,,,,,,,,
ID19345 → ID19317,0,,,,,,,,,,,
ID21023 → ID21043,0,,,,,,,,,,,
ID19689 → ID19714,0,,,,,,,,,,,
ID20672 → ID20714,0,,,,,,,,,,,
ID21185 → ID21200,0,,,,,,,,,,,
ID19945 → ID19971,0,,,,,,,,,,,
ID20527 → ID20570,0,,,,,,,,,,,
ID19178 → ID19226,0,,,,,,,,,,,
ID19877 → ID19884,0,,,,,,,,,,,
ID21262 → ID21291,0,,,,,,,,,,,
ID19496 → ID19504,0,,,,,,,,,,,
ID21892 → ID21932,0,,,,,,,,,,,
ID20529 → ID20543,0,,,,,,,,,,,
ID21995 → ID22021,0,,,,,,,,,,,
ID21113 → ID21143,0,,,,,,,,,,,
ID21053 → ID21083,0,,,,,,,,,,,
ID20794 → ID20853,0,,,,,,,,,,,
ID21104 → ID21053,0,,,,,,,,,,,
ID21152 → ID21133,0,,,,,,,,,,,
ID20170 → ID20205,0,,,,,,,,,,,
ID20372 → ID20380,0,,,,,,,,,,,
ID21636 → ID21627,0,,,,,,,,,,,
ID20120 → ID20185,0,,,,,,,,,,,
ID20543 → ID20527,0,,,,,,,,,,,
ID19926 → ID19939,0,,,,,,,,,,,
ID20935 → ID20903,0,,,,,,,,,,,
ID20291 → ID20347,0,,,,,,,,,,,
ID20463 → ID20487,0,,,,,,,,,,,
ID19717 → ID19679,0,,,,,,,,,,,
ID19884 → ID19900,0,,,,,,,,,,,
ID19983 → ID19960,0,,,,,,,,,,,
ID20782 → ID20794,0,,,,,,,,,,,
ID20954 → ID20973,0,,,,,,,,,,,
ID19971 → ID19983,0,,,,,,,,,,,
ID21590 → ID21598,0,,,,,,,,,,,
ID19258 → ID19242,0,,,,,,,,,,,
ID19668 → ID19689,0,,,,,,,,,,,
ID19433 → ID19465,0,,,,,,,,,,,
ID19306 → ID19345,0,,,,,,,,,,,
ID20096 → ID20087,0,,,,,,,,,,,
ID19612 → ID19618,0,,,,,,,,,,,
ID20471 → ID20454,0,,,,,,,,,,,
ID21571 → ID21564,0,,,,,,,,,,,
ID21681 → ID21722,0,,,,,,,,,,,
ID19314 → ID19339,0,,,,,,,,,,,
ID20487 → ID20471,0,,,,,,,,,,,
ID20479 → ID20529,0,,,,,,,,,,,
ID21555 → ID21571,0,,,,,,,,,,,
ID20275 → ID20283,0,,,,,,,,,,,
ID20153 → ID20113,0,,,,,,,,,,,
ID20231 → ID20179,0,,,,,,,,,,,
ID19371 → ID19362,0,,,,,,,,,,,
ID21692 → ID21701,0,,,,,,,,,,,
ID19150 → ID19160,0,,,,,,,,,,,
ID20721 → ID20763,0,,,,,,,,,,,
ID20834 → ID20875,0,,,,,,,,,,,
ID21163 → ID21152,0,,,,,,,,,,,
ID19662 → ID19674,0,,,,,,,,,,,
ID20087 → ID20129,0,,,,,,,,,,,
ID19396 → ID19409,0,,,,,,,,,,,
ID20243 → ID20251,0,,,,,,,,,,,
ID21215 → ID21277,0,,,,,,,,,,,
ID22139 → ID22183,0,,,,,,,,,,,
ID20302 → ID20327,0,,,,,,,,,,,
ID21830 → ID21820,0,,,,,,,,,,,
ID19647 → ID19637,0,,,,,,,,,,,
ID19728 → ID19746,0,,,,,,,,,,,
ID21174 → ID21061,0,,,,,,,,,,,
ID21498 → ID21519,0,,,,,,,,,,,
ID20391 → ID20311,0,,,,,,,,,,,
ID19480 → ID19544,0,,,,,,,,,,,
ID22224 → ID22214,0,,,,,,,,,,,
ID19274 → ID19234,0,,,,,,,,,,,
ID20226 → ID20243,0,,,,,,,,,,,
ID21757 → ID21779,0,,,,,,,,,,,
ID21192 → ID21185,0,,,,,,,,,,,
ID21846 → ID21882,0,,,,,,,,,,,
ID19714 → ID19780,0,,,,,,,,,,,
ID19635 → ID19662,0,,,,,,,,,,,
ID19743 → ID19789,0,,,,,,,,,,,
ID19265 → ID19190,0,,,,,,,,,,,
ID19559 → ID19578,0,,,,,,,,,,,
ID20845 → ID20885,0,,,,,,,,,,,
ID19615 → ID19617,0,,,,,,,,,,,
ID19834 → ID19912,0,,,,,,,,,,,
ID20327 → ID20312,0,,,,,,,,,,,
ID21333 → ID21346,0,,,,,,,,,,,
ID19746 → ID19743,0,,,,,,,,,,,
ID21926 → ID21902,0,,,,,,,,,,,
ID19973 → ID19959,0,,,,,,,,,,,
ID21323 → ID21225,0,,,,,,,,,,,
ID21746 → ID21757,0,,,,,,,,,,,
ID20511 → ID20497,0,,,,,,,,,,,
ID22204 → ID22224,0,,,,,,,,,,,
ID19780 → ID19700,0,,,,,,,,,,,
ID21474 → ID21435,0,,,,,,,,,,,
ID19592 → ID19603,0,,,,,,,,,,,
ID21932 → ID21926,0,,,,,,,,,,,
ID20732 → ID20721,0,,,,,,,,,,,
ID19912 → ID19907,0,,,,,,,,,,,
ID19802 → ID19816,0,,,,,,,,,,,
ID21133 → ID21192,0,,,,,,,,,,,
ID19734 → ID19750,0,,,,,,,,,,,
ID21034 → ID21015,0,,,,,,,,,,,
ID19603 → ID19583,0,,,,,,,,,,,
ID21519 → ID21488,0,,,,,,,,,,,
ID19951 → ID19945,0,,,,,,,,,,,
ID22171 → ID22194,0,,,,,,,,,,,
ID21143 → ID21124,0,,,,,,,,,,,
ID21722 → ID21692,0,,,,,,,,,,,
ID19674 → ID19717,0,,,,,,,,,,,
ID20417 → ID20424,0,,,,,,,,,,,
ID19773 → ID19696,0,,,,,,,,,,,
ID19445 → ID19502,0,,,,,,,,,,,
ID19489 → ID19474,0,,,,,,,,,,,
ID19867 → ID19834,0,,,,,,,,,,,
ID21915 → ID21951,0,,,,,,,,,,,
ID20917 → ID20945,0,,,,,,,,,,,
ID20179 → ID20207,0,,,,,,,,,,,
ID20875 → ID20891,0,,,,,,,,,,,
ID19696 → ID19734,0,,,,,,,,,,,
ID20885 → ID20917,0,,,,,,,,,,,
ID19226 → ID19282,0,,,,,,,,,,,
ID20903 → ID20954,0,,,,,,,,,,,
ID19386 → ID19415,0,,,,,,,,,,,
ID20684 → ID20732,0,,,,,,,,,,,
ID19157 → ID19198,0,,,,,,,,,,,
ID19893 → ID19820,0,,,,,,,,,,,
ID21389 → ID21410,0,,,,,,,,,,,
ID20752 → ID20772,0,,,,,,,,,,,
ID20587 → ID20603,0,,,,,,,,,,,
ID21488 → ID21502,0,,,,,,,,,,,
ID21346 → ID21355,0,,,,,,,,,,,
ID19204 → ID19178,0,,,,,,,,,,,
ID19844 → ID19893,0,,,,,,,,,,,
ID20194 → ID20104,0,,,,,,,,,,,
ID19362 → ID19396,0,,,,,,,,,,,
ID19658 → ID19626,0,,,,,,,,,,,
ID21733 → ID21746,0,,,,,,,,,,,
ID20042 → ID20079,0,,,,,,,,,,,
ID22035 → ID22047,0,,,,,,,,,,,
ID21410 → ID21400,0,,,,,,,,,,,
ID22047 → ID22052,0,,,,,,,,,,,
ID22260 → ID22273,0,,,,,,,,,,,
ID20594 → ID20587,0,,,,,,,,,,,
ID19438 → ID19453,0,,,,,,,,,,,
ID20104 → ID20120,0,,,,,,,,,,,
ID22183 → ID22160,0,,,,,,,,,,,
ID20853 → ID20805,0,,,,,,,,,,,
ID21701 → ID21711,0,,,,,,,,,,,
ID21627 → ID21645,0,,,,,,,,,,,
ID21249 → ID21323,0,,,,,,,,,,,
ID21582 → ID21590,0,,,,,,,,,,,
ID19534 → ID19559,0,,,,,,,,,,,
ID19590 → ID19570,0,,,,,,,,,,,
ID20454 → ID20511,0,,,,,,,,,,,
ID20705 → ID20684,0,,,,,,,,,,,
ID21448 → ID21419,0,,,,,,,,,,,
ID19368 → ID19314,0,,,,,,,,,,,
ID19578 → ID19564,0,,,,,,,,,,,
ID21400 → ID21448,0,,,,,,,,,,,
ID19626 → ID19612,0,,,,,,,,,,,
ID20694 → ID20742,0,,,,,,,,,,,
ID20763 → ID20752,0,,,,,,,,,,,
ID20622 → ID20664,0,,,,,,,,,,,
ID20995 → ID21023,0,,,,,,,,,,,
ID20185 → ID20170,0,,,,,,,,,,,
ID19299 → ID19324,0,,,,,,,,,,,
ID21061 → ID21163,0,,,,,,,,,,,
ID19764 → ID19728,0,,,,,,,,,,,
ID20813 → ID20834,0,,,,,,,,,,,
ID20633 → ID20655,0,,,,,,,,,,,
ID22095 → ID22096,0,,,,,,,,,,,
ID19409 → ID19374,0,,,,,,,,,,,
ID20354 → ID20400,0,,,,,,,,,,,
ID21790 → ID21799,0,,,,,,,,,,,
ID20400 → ID20409,0,,,,,,,,,,,
ID20440 → ID20447,0,,,,,,,,,,,
ID21206 → ID21215,0,,,,,,,,,,,
ID20347 → ID20391,0,,,,,,,,,,,
ID21291 → ID21333,0,,,,,,,,,,,
ID19403 → ID19371,0,,,,,,,,,,,
ID19809 → ID19853,0,,,,,,,,,,,
ID21377 → ID21389,0,,,,,,,,,,,
ID21073 → ID21174,0,,,,,,,,,,,
ID19939 → ID20013,0,,,,,,,,,,,
ID20772 → ID20782,0,,,,,,,,,,,
ID19907 → ID19915,0,,,,,,,,,,,
ID21528 → ID21555,0,,,,,,,,,,,
ID20079 → ID20073,0,,,,,,,,,,,
ID20337 → ID20302,0,,,,,,,,,,,
ID21870 → ID21892,0,,,,,,,,,,,
ID19960 → ID20047,0,,,,,,,,,,,
ID20020 → ID19995,0,,,,,,,,,,,
ID20891 → ID20845,0,,,,,,,,,,,
ID22248 → ID22260,0,,,,,,,,,,,
ID19853 → ID19867,0,,,,,,,,,,,
ID22011 → ID21973,0,,,,,,,,,,,
ID22114 → ID22126,0,,,,,,,,,,,
ID20035 → ID20065,0,,,,,,,,,,,
ID20364 → ID20372,0,,,,,,,,,,,
ID21607 → ID21616,0,,,,,,,,,,,
ID21799 → ID21809,0,,,,,,,,,,,
ID20058 → ID20027,0,,,,,,,,,,,
ID22082 → ID22095,0,,,,,,,,,,,
ID19637 → ID19658,0,,,,,,,,,,,
ID19355 → ID19386,0,,,,,,,,,,,
ID20985 → ID20995,0,,,,,,,,,,,
ID20005 → ID20035,0,,,,,,,,,,,
ID21367 → ID21377,0,,,,,,,,,,,
ID20268 → ID20275,0,,,,,,,,,,,
ID19570 → ID19592,0,,,,,,,,,,,
ID19428 → ID19403,0,,,,,,,,,,,
ID21355 → ID21367,0,,,,,,,,,,,
ID22096 → ID22114,0,,,,,,,,,,,
ID20497 → ID20504,0,,,,,,,,,,,
ID19564 → ID19590,0,,,,,,,,,,,
ID20146 → ID20194,0,,,,,,,,,,,
ID20714 → ID20694,0,,,,,,,,,,,
ID20047 → ID20058,0,,,,,,,,,,,
ID19606 → ID19647,0,,,,,,,,,,,
ID21768 → ID21733,0,,,,,,,,,,,
ID20380 → ID20354,0,,,,,,,,,,,
ID19423 → ID19433,0,,,,,,,,,,,
ID20630 → ID20633,0,,,,,,,,,,,
ID21779 → ID21790,0,,,,,,,,,,,
ID19282 → ID19219,0,,,,,,,,,,,
ID21240 → ID21260,0,,,,,,,,,,,
ID21015 → ID21093,0,,,,,,,,,,,
ID19544 → ID19522,0,,,,,,,,,,,
ID19959 → ID19951,0,,,,,,,,,,,
ID20283 → ID20337,0,,,,,,,,,,,
ID21856 → ID21870,0,,,,,,,,,,,
ID22052 → ID22071,0,,,,,,,,,,,
ID19513 → ID19480,0,,,,,,,,,,,
ID19617 → ID19599,0,,,,,,,,,,,
ID19700 → ID19773,0,,,,,,,,,,,
ID21043 → ID21034,0,,,,,,,,,,,
ID21564 → ID21582,0,,,,,,,,,,,
ID19789 → ID19795,0,,,,,,,,,,,
ID21460 → ID21498,0,,,,,,,,,,,
ID20432 → ID20440,0,,,,,,,,,,,
ID19242 → ID19157,0,,,,,,,,,,,
ID22194 → ID22204,0,,,,,,,,,,,
ID21277 → ID21249,0,,,,,,,,,,,
ID19160 → ID19212,0,,,,,,,,,,,
ID20613 → ID20646,0,,,,,,,,,,,
ID22071 → ID22082,0,,,,,,,,,,,
ID19374 → ID19368,0,,,,,,,,,,,
ID21287 → ID21228,0,,,,,,,,,,,
ID21310 → ID21262,0,,,,,,,,,,,
ID20864 → ID20964,0,,,,,,,,,,,
ID19190 → ID19204,0,,,,,,,,,,,
ID21820 → ID21846,0,,,,,,,,,,,
ID19882 → ID19847,0,,,,,,,,,,,
ID21124 → ID21073,0,,,,,,,,,,,
ID19599 → ID19606,0,,,,,,,,,,,
ID20139 → ID20153,0,,,,,,,,,,,
ID19212 → ID19173,0,,,,,,,,,,,
ID20207 → ID20226,0,,,,,,,,,,,
ID22021 → ID22035,0,,,,,,,,,,,
ID22126 → ID22149,0,,,,,,,,,,,
ID22214 → ID22236,0,,,,,,,,,,,
ID19522 → ID19496,0,,,,,,,,,,,
ID19900 → ID19932,0,,,,,,,,,,,
ID19816 → ID19844,0,,,,,,,,,,,
ID20262 → ID20268,0,,,,,,,,,,,
ID19847 → ID19809,0,,,,,,,,,,,
ID20409 → ID20417,0,,,,,,,,,,,
ID21006 → ID21104,0,,,,,,,,,,,
ID19461 → ID19438,0,,,,,,,,,,,
ID19250 → ID19150,0,,,,,,,,,,,
ID19317 → ID19299,0,,,,,,,,,,,
ID19915 → ID19877,0,,,,,,,,,,,
ID20311 → ID20364,0,,,,,,,,,,,
ID21655 → ID21668,0,,,,,,,,,,,
ID19459 → ID19527,0,,,,,,,,,,,
ID19502 → ID19461,0,,,,,,,,,,,
ID20013 → ID19973,0,,,,,,,,,,,
ID19553 → ID19534,0,,,,,,,,,,,
ID20655 → ID20622,0,,,,,,,,,,,
ID20908 → ID20935,0,,,,,,,,,,,
ID21260 → ID21310,0,,,,,,,,,,,
ID19290 → ID19141,0,,,,,,,,,,,
ID19820 → ID19830,0,,,,,,,,,,,
ID20205 → ID20231,0,,,,,,,,,,,
ID20251 → ID20262,0,,,,,,,,,,,
ID20742 → ID20705,0,,,,,,,,,,,
ID19141 → ID19274,0,,,,,,,,,,,
ID19474 → ID19513,0,,,,,,,,,,,
ID21951 → ID22011,0,,,,,,,,,,,
ID19932 → ID19926,0,,,,,,,,,,,
ID19173 → ID19290,0,,,,,,,,,,,
ID19453 → ID19459,0,,,,,,,,,,,
ID20551 → ID20560,0,,,,,,,,,,,
ID21902 → ID21962,0,,,,,,,,,,,
ID19267 → ID19191,1,,,,,,,,,,,
ID19199 → ID19307,1,,,,,,,,,,,
ID19162 → ID19213,1,,,,,,,,,,,
ID19381 → ID19364,1,,,,,,,,,,,
ID19151 → ID19162,1,,,,,,,,,,,
ID19413 → ID19383,1,,,,,,,,,,,
ID19179 → ID19227,1,,,,,,,,,,,
ID19259 → ID19243,1,,,,,,,,,,,
ID19325 → ID19430,1,,,,,,,,,,,
ID19430 → ID19405,1,,,,,,,,,,,
ID19275 → ID19235,1,,,,,,,,,,,
ID19243 → ID19158,1,,,,,,,,,,,
ID19346 → ID19322,1,,,,,,,,,,,
ID19300 → ID19325,1,,,,,,,,,,,
ID19251 → ID19151,1,,,,,,,,,,,
ID19205 → ID19179,1,,,,,,,,,,,
ID19383 → ID19376,1,,,,,,,,,,,
ID19292 → ID19143,1,,,,,,,,,,,
ID19143 → ID19275,1,,,,,,,,,,,
ID19191 → ID19205,1,,,,,,,,,,,
ID19318 → ID19343,1,,,,,,,,,,,
ID19376 → ID19318,1,,,,,,,,,,,
ID19221 → ID19259,1,,,,,,,,,,,
ID19398 → ID19413,1,,,,,,,,,,,
ID19307 → ID19346,1,,,,,,,,,,,
ID19283 → ID19221,1,,,,,,,,,,,
ID19343 → ID19359,1,,,,,,,,,,,
ID19235 → ID19267,1,,,,,,,,,,,
ID19227 → ID19283,1,,,,,,,,,,,
ID19175 → ID19292,1,,,,,,,,,,,
ID19158 → ID19199,1,,,,,,,,,,,
ID19405 → ID19381,1,,,,,,,,,,,
ID19322 → ID19300,1,,,,,,,,,,,
ID19364 → ID19398,1,,,,,,,,,,,
ID19213 → ID19175,1,,,,,,,,,,,
ID19323 → ID19301,2,,,,,,,,,,,
ID19193 → ID19206,2,,,,,,,,,,,
ID19159 → ID19200,2,,,,,,,,,,,
ID19222 → ID19260,2,,,,,,,,,,,
ID19163 → ID19214,2,,,,,,,,,,,
ID19206 → ID19180,2,,,,,,,,,,,
ID19180 → ID19228,2,,,,,,,,,,,
ID19363 → ID19397,2,,,,,,,,,,,
ID19466 → ID19446,2,,,,,,,,,,,
ID19228 → ID19284,2,,,,,,,,,,,
ID19308 → ID19347,2,,,,,,,,,,,
ID19424 → ID19434,2,,,,,,,,,,,
ID19260 → ID19244,2,,,,,,,,,,,
ID19404 → ID19372,2,,,,,,,,,,,
ID19214 → ID19176,2,,,,,,,,,,,
ID19176 → ID19293,2,,,,,,,,,,,
ID19326 → ID19429,2,,,,,,,,,,,
ID19252 → ID19152,2,,,,,,,,,,,
ID19301 → ID19326,2,,,,,,,,,,,
ID19284 → ID19222,2,,,,,,,,,,,
ID19340 → ID19356,2,,,,,,,,,,,
ID19200 → ID19308,2,,,,,,,,,,,
ID19434 → ID19466,2,,,,,,,,,,,
ID19236 → ID19268,2,,,,,,,,,,,
ID19356 → ID19417,2,,,,,,,,,,,
ID19152 → ID19163,2,,,,,,,,,,,
ID19315 → ID19340,2,,,,,,,,,,,
ID19446 → ID19503,2,,,,,,,,,,,
ID19369 → ID19315,2,,,,,,,,,,,
ID19411 → ID19377,2,,,,,,,,,,,
ID19268 → ID19193,2,,,,,,,,,,,
ID19429 → ID19404,2,,,,,,,,,,,
ID19293 → ID19144,2,,,,,,,,,,,
ID19347 → ID19323,2,,,,,,,,,,,
ID19244 → ID19159,2,,,,,,,,,,,
ID19397 → ID19411,2,,,,,,,,,,,
ID19144 → ID19276,2,,,,,,,,,,,
ID19372 → ID19363,2,,,,,,,,,,,
ID19377 → ID19369,2,,,,,,,,,,,
ID19417 → ID19424,2,,,,,,,,,,,
ID19276 → ID19236,2,,,,,,,,,,,
ID19508 → ID19554,3,,,,,,,,,,,
ID19478 → ID19517,3,,,,,,,,,,,
ID19316 → ID19342,3,,,,,,,,,,,
ID19373 → ID19316,3,,,,,,,,,,,
ID19471 → ID19442,3,,,,,,,,,,,
ID19302 → ID19327,3,,,,,,,,,,,
ID19365 → ID19399,3,,,,,,,,,,,
ID19531 → ID19494,3,,,,,,,,,,,
ID19497 → ID19508,3,,,,,,,,,,,
ID19342 → ID19358,3,,,,,,,,,,,
ID19216 → ID19182,3,,,,,,,,,,,
ID19309 → ID19348,3,,,,,,,,,,,
ID19435 → ID19467,3,,,,,,,,,,,
ID19208 → ID19183,3,,,,,,,,,,,
ID19425 → ID19435,3,,,,,,,,,,,
ID19261 → ID19246,3,,,,,,,,,,,
ID19547 → ID19524,3,,,,,,,,,,,
ID19194 → ID19208,3,,,,,,,,,,,
ID19169 → ID19201,3,,,,,,,,,,,
ID19358 → ID19390,3,,,,,,,,,,,
ID19390 → ID19418,3,,,,,,,,,,,
ID19472 → ID19531,3,,,,,,,,,,,
ID19467 → ID19447,3,,,,,,,,,,,
ID19517 → ID19485,3,,,,,,,,,,,
ID19165 → ID19216,3,,,,,,,,,,,
ID19238 → ID19270,3,,,,,,,,,,,
ID19201 → ID19309,3,,,,,,,,,,,
ID19418 → ID19425,3,,,,,,,,,,,
ID19294 → ID19146,3,,,,,,,,,,,
ID19399 → ID19412,3,,,,,,,,,,,
ID19579 → ID19566,3,,,,,,,,,,,
ID19270 → ID19194,3,,,,,,,,,,,
ID19246 → ID19169,3,,,,,,,,,,,
ID19447 → ID19505,3,,,,,,,,,,,
ID19505 → ID19471,3,,,,,,,,,,,
ID19560 → ID19579,3,,,,,,,,,,,
ID19485 → ID19547,3,,,,,,,,,,,
ID19412 → ID19379,3,,,,,,,,,,,
ID19554 → ID19535,3,,,,,,,,,,,
ID19331 → ID19302,3,,,,,,,,,,,
ID19327 → ID19431,3,,,,,,,,,,,
ID19348 → ID19331,3,,,,,,,,,,,
ID19230 → ID19286,3,,,,,,,,,,,
ID19406 → ID19389,3,,,,,,,,,,,
ID19431 → ID19406,3,,,,,,,,,,,
ID19254 → ID19154,3,,,,,,,,,,,
ID19456 → ID19472,3,,,,,,,,,,,
ID19379 → ID19373,3,,,,,,,,,,,
ID19154 → ID19165,3,,,,,,,,,,,
ID19146 → ID19278,3,,,,,,,,,,,
ID19183 → ID19230,3,,,,,,,,,,,
ID19389 → ID19365,3,,,,,,,,,,,
ID19182 → ID19294,3,,,,,,,,,,,
ID19494 → ID19478,3,,,,,,,,,,,
ID19286 → ID19223,3,,,,,,,,,,,
ID19524 → ID19497,3,,,,,,,,,,,
ID19278 → ID19238,3,,,,,,,,,,,
ID19223 → ID19261,3,,,,,,,,,,,
ID19535 → ID19560,3,,,,,,,,,,,
ID19442 → ID19456,3,,,,,,,,,,,
ID19209 → ID19185,4,,,,,,,,,,,
ID19155 → ID19166,4,,,,,,,,,,,
ID19271 → ID19195,4,,,,,,,,,,,
ID19184 → ID19296,4,,,,,,,,,,,
ID19217 → ID19184,4,,,,,,,,,,,
ID19279 → ID19239,4,,,,,,,,,,,
ID19147 → ID19279,4,,,,,,,,,,,
ID19255 → ID19155,4,,,,,,,,,,,
ID19166 → ID19217,4,,,,,,,,,,,
ID19195 → ID19209,4,,,,,,,,,,,
ID19296 → ID19147,4,,,,,,,,,,,
ID19231 → ID19287,4,,,,,,,,,,,
ID19185 → ID19231,4,,,,,,,,,,,
ID19239 → ID19271,4,,,,,,,,,,,
ID19192 → ID19207,5,,,,,,,,,,,
ID20371 → ID20379,5,,,,,,,,,,,
ID19944 → ID20019,5,,,,,,,,,,,
ID21050 → ID21040,5,,,,,,,,,,,
ID19382 → ID19337,5,,,,,,,,,,,
ID21776 → ID21742,5,,,,,,,,,,,
ID20041 → ID20072,5,,,,,,,,,,,
ID19168 → ID19220,5,,,,,,,,,,,
ID19673 → ID19695,5,,,,,,,,,,,
ID19220 → ID19188,5,,,,,,,,,,,
ID19281 → ID19241,5,,,,,,,,,,,
ID20003 → ID20026,5,,,,,,,,,,,
ID20503 → ID20510,5,,,,,,,,,,,
ID20882 → ID20899,5,,,,,,,,,,,
ID20951 → ID20872,5,,,,,,,,,,,
ID20202 → ID20112,5,,,,,,,,,,,
ID19575 → ID19598,5,,,,,,,,,,,
ID19772 → ID19733,5,,,,,,,,,,,
ID20309 → ID20348,5,,,,,,,,,,,
ID21653 → ID21664,5,,,,,,,,,,,
ID19533 → ID19500,5,,,,,,,,,,,
ID21205 → ID21214,5,,,,,,,,,,,
ID19726 → ID19683,5,,,,,,,,,,,
ID20078 → ID20102,5,,,,,,,,,,,
ID21199 → ID21191,5,,,,,,,,,,,
ID19298 → ID19149,5,,,,,,,,,,,
ID19763 → ID19752,5,,,,,,,,,,,
ID20178 → ID20225,5,,,,,,,,,,,
ID21731 → ID21698,5,,,,,,,,,,,
ID19866 → ID19899,5,,,,,,,,,,,
ID19925 → ID19919,5,,,,,,,,,,,
ID20510 → ID20525,5,,,,,,,,,,,
ID20489 → ID20542,5,,,,,,,,,,,
ID20842 → ID20882,5,,,,,,,,,,,
ID22110 → ID22111,5,,,,,,,,,,,
ID19611 → ID19650,5,,,,,,,,,,,
ID22167 → ID22180,5,,,,,,,,,,,
ID19598 → ID19610,5,,,,,,,,,,,
ID19857 → ID19815,5,,,,,,,,,,,
ID21516 → ID21531,5,,,,,,,,,,,
ID19656 → ID19646,5,,,,,,,,,,,
ID21818 → ID21843,5,,,,,,,,,,,
ID22268 → ID22281,5,,,,,,,,,,,
ID19526 → ID19501,5,,,,,,,,,,,
ID19628 → ID19630,5,,,,,,,,,,,
ID19257 → ID19174,5,,,,,,,,,,,
ID19507 → ID19491,5,,,,,,,,,,,
ID22111 → ID22123,5,,,,,,,,,,,
ID19427 → ID19437,5,,,,,,,,,,,
ID20542 → ID20550,5,,,,,,,,,,,
ID21643 → ID21633,5,,,,,,,,,,,
ID19727 → ID19742,5,,,,,,,,,,,
ID21407 → ID21456,5,,,,,,,,,,,
ID20681 → ID20727,5,,,,,,,,,,,
ID19357 → ID19367,5,,,,,,,,,,,
ID19958 → ID19981,5,,,,,,,,,,,
ID21040 → ID21020,5,,,,,,,,,,,
ID21796 → ID21806,5,,,,,,,,,,,
ID19422 → ID19427,5,,,,,,,,,,,
ID21562 → ID21580,5,,,,,,,,,,,
ID19835 → ID19840,5,,,,,,,,,,,
ID19896 → ID19906,5,,,,,,,,,,,
ID21003 → ID21031,5,,,,,,,,,,,
ID19197 → ID19211,5,,,,,,,,,,,
ID20727 → ID20702,5,,,,,,,,,,,
ID22006 → ID22007,5,,,,,,,,,,,
ID19788 → ID19713,5,,,,,,,,,,,
ID19366 → ID19402,5,,,,,,,,,,,
ID19541 → ID19563,5,,,,,,,,,,,
ID22066 → ID22065,5,,,,,,,,,,,
ID20034 → ID20012,5,,,,,,,,,,,
ID20750 → ID20712,5,,,,,,,,,,,
ID20328 → ID20301,5,,,,,,,,,,,
ID21495 → ID21517,5,,,,,,,,,,,
ID19779 → ID19727,5,,,,,,,,,,,
ID20159 → ID20202,5,,,,,,,,,,,
ID22005 → ID22030,5,,,,,,,,,,,
ID19630 → ID19656,5,,,,,,,,,,,
ID19875 → ID19843,5,,,,,,,,,,,
ID21806 → ID21818,5,,,,,,,,,,,
ID19437 → ID19470,5,,,,,,,,,,,
ID20249 → ID20259,5,,,,,,,,,,,
ID20643 → ID20662,5,,,,,,,,,,,
ID21142 → ID21199,5,,,,,,,,,,,
ID21788 → ID21796,5,,,,,,,,,,,
ID22019 → ID22006,5,,,,,,,,,,,
ID20478 → ID20470,5,,,,,,,,,,,
ID20569 → ID20586,5,,,,,,,,,,,
ID20644 → ID20643,5,,,,,,,,,,,
ID21111 → ID21059,5,,,,,,,,,,,
ID19512 → ID19557,5,,,,,,,,,,,
ID20282 → ID20290,5,,,,,,,,,,,
ID22201 → ID22211,5,,,,,,,,,,,
ID20541 → ID20577,5,,,,,,,,,,,
ID19491 → ID19444,5,,,,,,,,,,,
ID20026 → ID20004,5,,,,,,,,,,,
ID19273 → ID19197,5,,,,,,,,,,,
ID19189 → ID19233,5,,,,,,,,,,,
ID19661 → ID19633,5,,,,,,,,,,,
ID21386 → ID21397,5,,,,,,,,,,,
ID21899 → ID21947,5,,,,,,,,,,,
ID21275 → ID21307,5,,,,,,,,,,,
ID19337 → ID19357,5,,,,,,,,,,,
ID20593 → ID20611,5,,,,,,,,,,,
ID21365 → ID21375,5,,,,,,,,,,,
ID20791 → ID20802,5,,,,,,,,,,,
ID20932 → ID20951,5,,,,,,,,,,,
ID21427 → ID21484,5,,,,,,,,,,,
ID19444 → ID19458,5,,,,,,,,,,,
ID19458 → ID19492,5,,,,,,,,,,,
ID19906 → ID19938,5,,,,,,,,,,,
ID20012 → ID20041,5,,,,,,,,,,,
ID21214 → ID21223,5,,,,,,,,,,,
ID21664 → ID21677,5,,,,,,,,,,,
ID22135 → ID22156,5,,,,,,,,,,,
ID20559 → ID20569,5,,,,,,,,,,,
ID21484 → ID21445,5,,,,,,,,,,,
ID19631 → ID19602,5,,,,,,,,,,,
ID20094 → ID20138,5,,,,,,,,,,,
ID21580 → ID21570,5,,,,,,,,,,,
ID20399 → ID20329,5,,,,,,,,,,,
ID21268 → ID21319,5,,,,,,,,,,,
ID21086 → ID21171,5,,,,,,,,,,,
ID20416 → ID20423,5,,,,,,,,,,,
ID20902 → ID20932,5,,,,,,,,,,,
ID21589 → ID21597,5,,,,,,,,,,,
ID19551 → ID19526,5,,,,,,,,,,,
ID20274 → ID20282,5,,,,,,,,,,,
ID22007 → ID22005,5,,,,,,,,,,,
ID21597 → ID21605,5,,,,,,,,,,,
ID19957 → ID19958,5,,,,,,,,,,,
ID19602 → ID19611,5,,,,,,,,,,,
ID19667 → ID19678,5,,,,,,,,,,,
ID19801 → ID19807,5,,,,,,,,,,,
ID21879 → ID21899,5,,,,,,,,,,,
ID19840 → ID19890,5,,,,,,,,,,,
ID21430 → ID21407,5,,,,,,,,,,,
ID20329 → ID20371,5,,,,,,,,,,,
ID20942 → ID20931,5,,,,,,,,,,,
ID19289 → ID19225,5,,,,,,,,,,,
ID19650 → ID19645,5,,,,,,,,,,,
ID20811 → ID20831,5,,,,,,,,,,,
ID20729 → ID20770,5,,,,,,,,,,,
ID22030 → ID22045,5,,,,,,,,,,,
ID19367 → ID19394,5,,,,,,,,,,,
ID19568 → ID19594,5,,,,,,,,,,,
ID19594 → ID19575,5,,,,,,,,,,,
ID20577 → ID20559,5,,,,,,,,,,,
ID20345 → ID20309,5,,,,,,,,,,,
ID19645 → ID19661,5,,,,,,,,,,,
ID20259 → ID20267,5,,,,,,,,,,,
ID19989 → ID19967,5,,,,,,,,,,,
ID21912 → ID21970,5,,,,,,,,,,,
ID19815 → ID19876,5,,,,,,,,,,,
ID20702 → ID20750,5,,,,,,,,,,,
ID19725 → ID19788,5,,,,,,,,,,,
ID21605 → ID21615,5,,,,,,,,,,,
ID20203 → ID20224,5,,,,,,,,,,,
ID21698 → ID21708,5,,,,,,,,,,,
ID21708 → ID21721,5,,,,,,,,,,,
ID20241 → ID20249,5,,,,,,,,,,,
ID20470 → ID20519,5,,,,,,,,,,,
ID20611 → ID20620,5,,,,,,,,,,,
ID19395 → ID19366,5,,,,,,,,,,,
ID21151 → ID21132,5,,,,,,,,,,,
ID19588 → ID19589,5,,,,,,,,,,,
ID21344 → ID21352,5,,,,,,,,,,,
ID19807 → ID19828,5,,,,,,,,,,,
ID19890 → ID19857,5,,,,,,,,,,,
ID19967 → ID20057,5,,,,,,,,,,,
ID19500 → ID19486,5,,,,,,,,,,,
ID20130 → ID20204,5,,,,,,,,,,,
ID19828 → ID19866,5,,,,,,,,,,,
ID19452 → ID19507,5,,,,,,,,,,,
ID19241 → ID19273,5,,,,,,,,,,,
ID20692 → ID20740,5,,,,,,,,,,,
ID22123 → ID22135,5,,,,,,,,,,,
ID21160 → ID21142,5,,,,,,,,,,,
ID19313 → ID19352,5,,,,,,,,,,,
ID19881 → ID19896,5,,,,,,,,,,,
ID20356 → ID20399,5,,,,,,,,,,,
ID21755 → ID21765,5,,,,,,,,,,,
ID20086 → ID20078,5,,,,,,,,,,,
ID20920 → ID20942,5,,,,,,,,,,,
ID19557 → ID19541,5,,,,,,,,,,,
ID20423 → ID20431,5,,,,,,,,,,,
ID19794 → ID19801,5,,,,,,,,,,,
ID19633 → ID19628,5,,,,,,,,,,,
ID20019 → ID19982,5,,,,,,,,,,,
ID22231 → ID22221,5,,,,,,,,,,,
ID20102 → ID20094,5,,,,,,,,,,,
ID21624 → ID21643,5,,,,,,,,,,,
ID19211 → ID19189,5,,,,,,,,,,,
ID19981 → ID19989,5,,,,,,,,,,,
ID20586 → ID20601,5,,,,,,,,,,,
ID20760 → ID20780,5,,,,,,,,,,,
ID20802 → ID20861,5,,,,,,,,,,,
ID19584 → ID19568,5,,,,,,,,,,,
ID20138 → ID20168,5,,,,,,,,,,,
ID19305 → ID19336,5,,,,,,,,,,,
ID19501 → ID19512,5,,,,,,,,,,,
ID19589 → ID19629,5,,,,,,,,,,,
ID20525 → ID20489,5,,,,,,,,,,,
ID21689 → ID21731,5,,,,,,,,,,,
ID19938 → ID19931,5,,,,,,,,,,,
ID20712 → ID20692,5,,,,,,,,,,,
ID20961 → ID20982,5,,,,,,,,,,,
ID22180 → ID22201,5,,,,,,,,,,,
ID21456 → ID21427,5,,,,,,,,,,,
ID20970 → ID20920,5,,,,,,,,,,,
ID20431 → ID20439,5,,,,,,,,,,,
ID19336 → ID19432,5,,,,,,,,,,,
ID21106 → ID21012,5,,,,,,,,,,,
ID19695 → ID19725,5,,,,,,,,,,,
ID21080 → ID21184,5,,,,,,,,,,,
ID20057 → ID20064,5,,,,,,,,,,,
ID20872 → ID20970,5,,,,,,,,,,,
ID20446 → ID20456,5,,,,,,,,,,,
ID21184 → ID21086,5,,,,,,,,,,,
ID22221 → ID22250,5,,,,,,,,,,,
ID22202 → ID22167,5,,,,,,,,,,,
ID21352 → ID21365,5,,,,,,,,,,,
ID19384 → ID19382,5,,,,,,,,,,,
ID20861 → ID20811,5,,,,,,,,,,,
ID20290 → ID20345,5,,,,,,,,,,,
ID20301 → ID20356,5,,,,,,,,,,,
ID20145 → ID20160,5,,,,,,,,,,,
ID21677 → ID21689,5,,,,,,,,,,,
ID20770 → ID20760,5,,,,,,,,,,,
ID19760 → ID19772,5,,,,,,,,,,,
ID20850 → ID20902,5,,,,,,,,,,,
ID21031 → ID21050,5,,,,,,,,,,,
ID21531 → ID21495,5,,,,,,,,,,,
ID20348 → ID20328,5,,,,,,,,,,,
ID21538 → ID21562,5,,,,,,,,,,,
ID20740 → ID20729,5,,,,,,,,,,,
ID21517 → ID21551,5,,,,,,,,,,,
ID19352 → ID19341,5,,,,,,,,,,,
ID20620 → ID20654,5,,,,,,,,,,,
ID22065 → ID22079,5,,,,,,,,,,,
ID20056 → ID20086,5,,,,,,,,,,,
ID20119 → ID20159,5,,,,,,,,,,,
ID21123 → ID21151,5,,,,,,,,,,,
ID19683 → ID19688,5,,,,,,,,,,,
ID20831 → ID20832,5,,,,,,,,,,,
ID19492 → ID19533,5,,,,,,,,,,,
ID21765 → ID21788,5,,,,,,,,,,,
ID19488 → ID19551,5,,,,,,,,,,,
ID20240 → ID20203,5,,,,,,,,,,,
ID19207 → ID19313,5,,,,,,,,,,,
ID20601 → ID20593,5,,,,,,,,,,,
ID21551 → ID21538,5,,,,,,,,,,,
ID20832 → ID20842,5,,,,,,,,,,,
ID21254 → ID21329,5,,,,,,,,,,,
ID21947 → ID21946,5,,,,,,,,,,,
ID22079 → ID22091,5,,,,,,,,,,,
ID19233 → ID19289,5,,,,,,,,,,,
ID20168 → ID20145,5,,,,,,,,,,,
ID21171 → ID21160,5,,,,,,,,,,,
ID21844 → ID21853,5,,,,,,,,,,,
ID21843 → ID21844,5,,,,,,,,,,,
ID21191 → ID21205,5,,,,,,,,,,,
ID19742 → ID19760,5,,,,,,,,,,,
ID20160 → ID20119,5,,,,,,,,,,,
ID20439 → ID20446,5,,,,,,,,,,,
ID19341 → ID19305,5,,,,,,,,,,,
ID19919 → ID19924,5,,,,,,,,,,,
ID20899 → ID20850,5,,,,,,,,,,,
ID22045 → ID22066,5,,,,,,,,,,,
ID19982 → ID19970,5,,,,,,,,,,,
ID22144 → ID22202,5,,,,,,,,,,,
ID22256 → ID22268,5,,,,,,,,,,,
ID20379 → ID20389,5,,,,,,,,,,,
ID21012 → ID21111,5,,,,,,,,,,,
ID21236 → ID21246,5,,,,,,,,,,,
ID21445 → ID21470,5,,,,,,,,,,,
ID19249 → ID19192,5,,,,,,,,,,,
ID19713 → ID19779,5,,,,,,,,,,,
ID21922 → ID21959,5,,,,,,,,,,,
ID21742 → ID21755,5,,,,,,,,,,,
ID21853 → ID21889,5,,,,,,,,,,,
ID21319 → ID21275,5,,,,,,,,,,,
ID19733 → ID19763,5,,,,,,,,,,,
ID20519 → ID20503,5,,,,,,,,,,,
ID19520 → ID19488,5,,,,,,,,,,,
ID21959 → ID22019,5,,,,,,,,,,,
ID21889 → ID21866,5,,,,,,,,,,,
ID19394 → ID19422,5,,,,,,,,,,,
ID19931 → ID19944,5,,,,,,,,,,,
ID21246 → ID21268,5,,,,,,,,,,,
ID20224 → ID20241,5,,,,,,,,,,,
ID20931 → ID20961,5,,,,,,,,,,,
ID21570 → ID21589,5,,,,,,,,,,,
ID20204 → ID20178,5,,,,,,,,,,,
ID20982 → ID20992,5,,,,,,,,,,,
ID19899 → ID19835,5,,,,,,,,,,,
ID19646 → ID19667,5,,,,,,,,,,,
ID20629 → ID20677,5,,,,,,,,,,,
ID21238 → ID21306,5,,,,,,,,,,,
ID22250 → ID22256,5,,,,,,,,,,,
ID21375 → ID21386,5,,,,,,,,,,,
ID19414 → ID19384,5,,,,,,,,,,,
ID19752 → ID19794,5,,,,,,,,,,,
ID19843 → ID19925,5,,,,,,,,,,,
ID21090 → ID21123,5,,,,,,,,,,,
ID20363 → ID20408,5,,,,,,,,,,,
ID20064 → ID20034,5,,,,,,,,,,,
ID21721 → ID21776,5,,,,,,,,,,,
ID20225 → ID20240,5,,,,,,,,,,,
ID21397 → ID21430,5,,,,,,,,,,,
ID21946 → ID21912,5,,,,,,,,,,,
ID19188 → ID19298,5,,,,,,,,,,,
ID19408 → ID19395,5,,,,,,,,,,,
ID21329 → ID21238,5,,,,,,,,,,,
ID21470 → ID21516,5,,,,,,,,,,,
ID19678 → ID19726,5,,,,,,,,,,,
ID19225 → ID19264,5,,,,,,,,,,,
ID19876 → ID19875,5,,,,,,,,,,,
ID20992 → ID21003,5,,,,,,,,,,,
ID21132 → ID21080,5,,,,,,,,,,,
ID21223 → ID21282,5,,,,,,,,,,,
ID21059 → ID21090,5,,,,,,,,,,,
ID20662 → ID20629,5,,,,,,,,,,,
ID19563 → ID19584,5,,,,,,,,,,,
ID21866 → ID21879,5,,,,,,,,,,,
ID19688 → ID19673,5,,,,,,,,,,,
ID19470 → ID19452,5,,,,,,,,,,,
ID20267 → ID20274,5,,,,,,,,,,,
ID21020 → ID21106,5,,,,,,,,,,,
ID22211 → ID22231,5,,,,,,,,,,,
ID19610 → ID19588,5,,,,,,,,,,,
ID20004 → ID20056,5,,,,,,,,,,,
ID20408 → ID20416,5,,,,,,,,,,,
ID19264 → ID19249,5,,,,,,,,,,,
ID19149 → ID19281,5,,,,,,,,,,,
ID19629 → ID19631,5,,,,,,,,,,,
ID21282 → ID21254,5,,,,,,,,,,,
ID20469 → ID20496,5,,,,,,,,,,,
ID19924 → ID19881,5,,,,,,,,,,,
ID19970 → ID19957,5,,,,,,,,,,,
ID20550 → ID20541,5,,,,,,,,,,,
ID21306 → ID21236,5,,,,,,,,,,,
ID20780 → ID20791,5,,,,,,,,,,,
ID19486 → ID19520,5,,,,,,,,,,,
ID20654 → ID20644,5,,,,,,,,,,,
ID19174 → ID19168,5,,,,,,,,,,,
ID21970 → ID21922,5,,,,,,,,,,,
ID22156 → ID22144,5,,,,,,,,,,,
ID20456 → ID20469,5,,,,,,,,,,,
ID19402 → ID19414,5,,,,,,,,,,,
ID20112 → ID20130,5,,,,,,,,,,,
ID22091 → ID22110,5,,,,,,,,,,,
ID21633 → ID21653,5,,,,,,,,,,,
ID20072 → ID20003,5,,,,,,,,,,,
ID20389 → ID20363,5,,,,,,,,,,,
ID21307 → ID21344,5,,,,,,,,,,,
ID20496 → ID20478,5,,,,,,,,,,,
ID20677 → ID20681,5,,,,,,,,,,,
ID19432 → ID19408,5,,,,,,,,,,,
ID21615 → ID21624,5,,,,,,,,,,,
ID19148 → ID19280,6,,,,,,,,,,,
ID19421 → ID19426,7,,,,,,,,,,,
ID19436 → ID19469,7,,,,,,,,,,,
ID19455 → ID19464,7,,,,,,,,,,,
ID19477 → ID19516,7,,,,,,,,,,,
ID19319 → ID19344,7,,,,,,,,,,,
ID19392 → ID19421,7,,,,,,,,,,,
ID19523 → ID19498,7,,,,,,,,,,,
ID19463 → ID19440,7,,,,,,,,,,,
ID19546 → ID19523,7,,,,,,,,,,,
ID19493 → ID19477,7,,,,,,,,,,,
ID19426 → ID19436,7,,,,,,,,,,,
ID19449 → ID19506,7,,,,,,,,,,,
ID19464 → ID19530,7,,,,,,,,,,,
ID19361 → ID19392,7,,,,,,,,,,,
ID19498 → ID19510,7,,,,,,,,,,,
ID19506 → ID19463,7,,,,,,,,,,,
ID19484 → ID19546,7,,,,,,,,,,,
ID19555 → ID19536,7,,,,,,,,,,,
ID19344 → ID19361,7,,,,,,,,,,,
ID19530 → ID19493,7,,,,,,,,,,,
ID19469 → ID19449,7,,,,,,,,,,,
ID19516 → ID19484,7,,,,,,,,,,,
ID19440 → ID19455,7,,,,,,,,,,,
ID19510 → ID19555,7,,,,,,,,,,,
ID19511 → ID19556,8,,,,,,,,,,,
ID19476 → ID19532,8,,,,,,,,,,,
ID19556 → ID19539,8,,,,,,,,,,,
ID19457 → ID19476,8,,,,,,,,,,,
ID19539 → ID19562,8,,,,,,,,,,,
ID19487 → ID19550,8,,,,,,,,,,,
ID19443 → ID19457,8,,,,,,,,,,,
ID19473 → ID19443,8,,,,,,,,,,,
ID19525 → ID19499,8,,,,,,,,,,,
ID19482 → ID19487,8,,,,,,,,,,,
ID19550 → ID19525,8,,,,,,,,,,,
ID19532 → ID19495,8,,,,,,,,,,,
ID19499 → ID19511,8,,,,,,,,,,,
ID19495 → ID19482,8,,,,,,,,,,,
ID19716 → ID19781,9,,,,,,,,,,,
ID19593 → ID19572,9,,,,,,,,,,,
ID19774 → ID19698,9,,,,,,,,,,,
ID19735 → ID19754,9,,,,,,,,,,,
ID19744 → ID19790,9,,,,,,,,,,,
ID19607 → ID19587,9,,,,,,,,,,,
ID19659 → ID19627,9,,,,,,,,,,,
ID19619 → ID19652,9,,,,,,,,,,,
ID19803 → ID19819,9,,,,,,,,,,,
ID19790 → ID19798,9,,,,,,,,,,,
ID19561 → ID19581,9,,,,,,,,,,,
ID19703 → ID19774,9,,,,,,,,,,,
ID19649 → ID19638,9,,,,,,,,,,,
ID19601 → ID19609,9,,,,,,,,,,,
ID19616 → ID19619,9,,,,,,,,,,,
ID19540 → ID19561,9,,,,,,,,,,,
ID19675 → ID19719,9,,,,,,,,,,,
ID19596 → ID19607,9,,,,,,,,,,,
ID19623 → ID19625,9,,,,,,,,,,,
ID19729 → ID19751,9,,,,,,,,,,,
ID19681 → ID19686,9,,,,,,,,,,,
ID19638 → ID19659,9,,,,,,,,,,,
ID19609 → ID19649,9,,,,,,,,,,,
ID19581 → ID19567,9,,,,,,,,,,,
ID19636 → ID19663,9,,,,,,,,,,,
ID19766 → ID19729,9,,,,,,,,,,,
ID19567 → ID19593,9,,,,,,,,,,,
ID19754 → ID19766,9,,,,,,,,,,,
ID19698 → ID19735,9,,,,,,,,,,,
ID19751 → ID19744,9,,,,,,,,,,,
ID19663 → ID19675,9,,,,,,,,,,,
ID19625 → ID19601,9,,,,,,,,,,,
ID19694 → ID19716,9,,,,,,,,,,,
ID19652 → ID19636,9,,,,,,,,,,,
ID19572 → ID19596,9,,,,,,,,,,,
ID19585 → ID19623,9,,,,,,,,,,,
ID19587 → ID19585,9,,,,,,,,,,,
ID19627 → ID19616,9,,,,,,,,,,,
ID19671 → ID19694,9,,,,,,,,,,,
ID19781 → ID19703,9,,,,,,,,,,,
ID19798 → ID19803,9,,,,,,,,,,,
ID19686 → ID19671,9,,,,,,,,,,,
ID19719 → ID19681,9,,,,,,,,,,,
ID19641 → ID19660,10,,,,,,,,,,,
ID19871 → ID19841,10,,,,,,,,,,,
ID19841 → ID19920,10,,,,,,,,,,,
ID19940 → ID20014,10,,,,,,,,,,,
ID19921 → ID19879,10,,,,,,,,,,,
ID19736 → ID19756,10,,,,,,,,,,,
ID19604 → ID19586,10,,,,,,,,,,,
ID19862 → ID19871,10,,,,,,,,,,,
ID19953 → ID19947,10,,,,,,,,,,,
ID19775 → ID19705,10,,,,,,,,,,,
ID19829 → ID19836,10,,,,,,,,,,,
ID19984 → ID19962,10,,,,,,,,,,,
ID19920 → ID19910,10,,,,,,,,,,,
ID19723 → ID19680,10,,,,,,,,,,,
ID19978 → ID19961,10,,,,,,,,,,,
ID19799 → ID19804,10,,,,,,,,,,,
ID19676 → ID19723,10,,,,,,,,,,,
ID19910 → ID19921,10,,,,,,,,,,,
ID19821 → ID19855,10,,,,,,,,,,,
ID19648 → ID19641,10,,,,,,,,,,,
ID19639 → ID19664,10,,,,,,,,,,,
ID19580 → ID19620,10,,,,,,,,,,,
ID19747 → ID19791,10,,,,,,,,,,,
ID19961 → ID19953,10,,,,,,,,,,,
ID19620 → ID19621,10,,,,,,,,,,,
ID19836 → ID19887,10,,,,,,,,,,,
ID19595 → ID19604,10,,,,,,,,,,,
ID19622 → ID19624,10,,,,,,,,,,,
ID19653 → ID19639,10,,,,,,,,,,,
ID19756 → ID19767,10,,,,,,,,,,,
ID19705 → ID19736,10,,,,,,,,,,,
ID19934 → ID19927,10,,,,,,,,,,,
ID19887 → ID19850,10,,,,,,,,,,,
ID20014 → ID19978,10,,,,,,,,,,,
ID19879 → ID19891,10,,,,,,,,,,,
ID19660 → ID19632,10,,,,,,,,,,,
ID19565 → ID19591,10,,,,,,,,,,,
ID19624 → ID19653,10,,,,,,,,,,,
ID19704 → ID19775,10,,,,,,,,,,,
ID19685 → ID19669,10,,,,,,,,,,,
ID19730 → ID19761,10,,,,,,,,,,,
ID19855 → ID19897,10,,,,,,,,,,,
ID19903 → ID19934,10,,,,,,,,,,,
ID19608 → ID19648,10,,,,,,,,,,,
ID19761 → ID19747,10,,,,,,,,,,,
ID19664 → ID19676,10,,,,,,,,,,,
ID19621 → ID19600,10,,,,,,,,,,,
ID19600 → ID19608,10,,,,,,,,,,,
ID19586 → ID19580,10,,,,,,,,,,,
ID19782 → ID19704,10,,,,,,,,,,,
ID19669 → ID19690,10,,,,,,,,,,,
ID19791 → ID19799,10,,,,,,,,,,,
ID19690 → ID19718,10,,,,,,,,,,,
ID19974 → ID19984,10,,,,,,,,,,,
ID19891 → ID19903,10,,,,,,,,,,,
ID19632 → ID19622,10,,,,,,,,,,,
ID20051 → ID20059,10,,,,,,,,,,,
ID19591 → ID19571,10,,,,,,,,,,,
ID19680 → ID19685,10,,,,,,,,,,,
ID19767 → ID19730,10,,,,,,,,,,,
ID19897 → ID19829,10,,,,,,,,,,,
ID19812 → ID19862,10,,,,,,,,,,,
ID19962 → ID20051,10,,,,,,,,,,,
ID19804 → ID19821,10,,,,,,,,,,,
ID19571 → ID19595,10,,,,,,,,,,,
ID19947 → ID19974,10,,,,,,,,,,,
ID19718 → ID19782,10,,,,,,,,,,,
ID19927 → ID19940,10,,,,,,,,,,,
ID20059 → ID20028,10,,,,,,,,,,,
ID19850 → ID19812,10,,,,,,,,,,,
ID20032 → ID20010,11,,,,,,,,,,,
ID19911 → ID19922,11,,,,,,,,,,,
ID19892 → ID19904,11,,,,,,,,,,,
ID19792 → ID19805,11,,,,,,,,,,,
ID19805 → ID19822,11,,,,,,,,,,,
ID19904 → ID19936,11,,,,,,,,,,,
ID19748 → ID19792,11,,,,,,,,,,,
ID19872 → ID19842,11,,,,,,,,,,,
ID20053 → ID20062,11,,,,,,,,,,,
ID19964 → ID20053,11,,,,,,,,,,,
ID19846 → ID19895,11,,,,,,,,,,,
ID19813 → ID19872,11,,,,,,,,,,,
ID19833 → ID19851,11,,,,,,,,,,,
ID19709 → ID19738,11,,,,,,,,,,,
ID19827 → ID19833,11,,,,,,,,,,,
ID19682 → ID19687,11,,,,,,,,,,,
ID19822 → ID19846,11,,,,,,,,,,,
ID19955 → ID19949,11,,,,,,,,,,,
ID19968 → ID19955,11,,,,,,,,,,,
ID19758 → ID19768,11,,,,,,,,,,,
ID19895 → ID19827,11,,,,,,,,,,,
ID20069 → ID19993,11,,,,,,,,,,,
ID20039 → ID20069,11,,,,,,,,,,,
ID19880 → ID19892,11,,,,,,,,,,,
ID19738 → ID19758,11,,,,,,,,,,,
ID19923 → ID19911,11,,,,,,,,,,,
ID19677 → ID19724,11,,,,,,,,,,,
ID19842 → ID19923,11,,,,,,,,,,,
ID19672 → ID19693,11,,,,,,,,,,,
ID20010 → ID20039,11,,,,,,,,,,,
ID19666 → ID19677,11,,,,,,,,,,,
ID19724 → ID19682,11,,,,,,,,,,,
ID19993 → ID20024,11,,,,,,,,,,,
ID19851 → ID19813,11,,,,,,,,,,,
ID19707 → ID19776,11,,,,,,,,,,,
ID19930 → ID19942,11,,,,,,,,,,,
ID19768 → ID19731,11,,,,,,,,,,,
ID19922 → ID19880,11,,,,,,,,,,,
ID20062 → ID20032,11,,,,,,,,,,,
ID19776 → ID19709,11,,,,,,,,,,,
ID19942 → ID20015,11,,,,,,,,,,,
ID19721 → ID19784,11,,,,,,,,,,,
ID19979 → ID19968,11,,,,,,,,,,,
ID20015 → ID19979,11,,,,,,,,,,,
ID19987 → ID19964,11,,,,,,,,,,,
ID19731 → ID19762,11,,,,,,,,,,,
ID19693 → ID19721,11,,,,,,,,,,,
ID19762 → ID19748,11,,,,,,,,,,,
ID19687 → ID19672,11,,,,,,,,,,,
ID19784 → ID19707,11,,,,,,,,,,,
ID19936 → ID19930,11,,,,,,,,,,,
ID19643 → ID19666,11,,,,,,,,,,,
ID19976 → ID19987,11,,,,,,,,,,,
ID19949 → ID19976,11,,,,,,,,,,,
ID19720 → ID19783,12,,,,,,,,,,,
ID19710 → ID19739,13,,,,,,,,,,,
ID19711 → ID19741,14,,,,,,,,,,,
ID19818 → ID19845,15,,,,,,,,,,,
ID19858 → ID19868,15,,,,,,,,,,,
ID19837 → ID19913,15,,,,,,,,,,,
ID19901 → ID19933,15,,,,,,,,,,,
ID19848 → ID19810,15,,,,,,,,,,,
ID19883 → ID19848,15,,,,,,,,,,,
ID19908 → ID19916,15,,,,,,,,,,,
ID19831 → ID19883,15,,,,,,,,,,,
ID19810 → ID19858,15,,,,,,,,,,,
ID19878 → ID19889,15,,,,,,,,,,,
ID19824 → ID19831,15,,,,,,,,,,,
ID19868 → ID19837,15,,,,,,,,,,,
ID19913 → ID19908,15,,,,,,,,,,,
ID19916 → ID19878,15,,,,,,,,,,,
ID19845 → ID19894,15,,,,,,,,,,,
ID19894 → ID19824,15,,,,,,,,,,,
ID19889 → ID19901,15,,,,,,,,,,,
ID19854 → ID19814,16,,,,,,,,,,,
ID19814 → ID19865,16,,,,,,,,,,,
ID19865 → ID19873,16,,,,,,,,,,,
ID19909 → ID19917,17,,,,,,,,,,,
ID19928 → ID19941,18,,,,,,,,,,,
ID20025 → ID20002,19,,,,,,,,,,,
ID20568 → ID20584,19,,,,,,,,,,,
ID20462 → ID20516,19,,,,,,,,,,,
ID20485 → ID20540,19,,,,,,,,,,,
ID20641 → ID20661,19,,,,,,,,,,,
ID20539 → ID20576,19,,,,,,,,,,,
ID20790 → ID20801,19,,,,,,,,,,,
ID21019 → ID21101,19,,,,,,,,,,,
ID20101 → ID20093,19,,,,,,,,,,,
ID20118 → ID20152,19,,,,,,,,,,,
ID20981 → ID20991,19,,,,,,,,,,,
ID20502 → ID20509,19,,,,,,,,,,,
ID20759 → ID20779,19,,,,,,,,,,,
ID20524 → ID20485,19,,,,,,,,,,,
ID20592 → ID20609,19,,,,,,,,,,,
ID20871 → ID20969,19,,,,,,,,,,,
ID21101 → ID21011,19,,,,,,,,,,,
ID20415 → ID20422,19,,,,,,,,,,,
ID20336 → ID20324,19,,,,,,,,,,,
ID20136 → ID20167,19,,,,,,,,,,,
ID20219 → ID20239,19,,,,,,,,,,,
ID21058 → ID21089,19,,,,,,,,,,,
ID20768 → ID20759,19,,,,,,,,,,,
ID20849 → ID20893,19,,,,,,,,,,,
ID20011 → ID20040,19,,,,,,,,,,,
ID20700 → ID20748,19,,,,,,,,,,,
ID20609 → ID20619,19,,,,,,,,,,,
ID20898 → ID20849,19,,,,,,,,,,,
ID20893 → ID20930,19,,,,,,,,,,,
ID20048 → ID20083,19,,,,,,,,,,,
ID20308 → ID20336,19,,,,,,,,,,,
ID20642 → ID20641,19,,,,,,,,,,,
ID20273 → ID20281,19,,,,,,,,,,,
ID20779 → ID20790,19,,,,,,,,,,,
ID19948 → ID19977,19,,,,,,,,,,,
ID20738 → ID20728,19,,,,,,,,,,,
ID20266 → ID20273,19,,,,,,,,,,,
ID21089 → ID21120,19,,,,,,,,,,,
ID20680 → ID20719,19,,,,,,,,,,,
ID20558 → ID20568,19,,,,,,,,,,,
ID20054 → ID20063,19,,,,,,,,,,,
ID21030 → ID21049,19,,,,,,,,,,,
ID20200 → ID20111,19,,,,,,,,,,,
ID20238 → ID20186,19,,,,,,,,,,,
ID20387 → ID20362,19,,,,,,,,,,,
ID21049 → ID21039,19,,,,,,,,,,,
ID21001 → ID21030,19,,,,,,,,,,,
ID19994 → ID20025,19,,,,,,,,,,,
ID20201 → ID20177,19,,,,,,,,,,,
ID20576 → ID20558,19,,,,,,,,,,,
ID20628 → ID20671,19,,,,,,,,,,,
ID20719 → ID20700,19,,,,,,,,,,,
ID20093 → ID20136,19,,,,,,,,,,,
ID20167 → ID20144,19,,,,,,,,,,,
ID19980 → ID19966,19,,,,,,,,,,,
ID20040 → ID20071,19,,,,,,,,,,,
ID20438 → ID20445,19,,,,,,,,,,,
ID20378 → ID20387,19,,,,,,,,,,,
ID20820 → ID20841,19,,,,,,,,,,,
ID20063 → ID20033,19,,,,,,,,,,,
ID20671 → ID20680,19,,,,,,,,,,,
ID20477 → ID20462,19,,,,,,,,,,,
ID20362 → ID20407,19,,,,,,,,,,,
ID20691 → ID20738,19,,,,,,,,,,,
ID20186 → ID20219,19,,,,,,,,,,,
ID20950 → ID20871,19,,,,,,,,,,,
ID20144 → ID20158,19,,,,,,,,,,,
ID20071 → ID19994,19,,,,,,,,,,,
ID19966 → ID19954,19,,,,,,,,,,,
ID20619 → ID20653,19,,,,,,,,,,,
ID20344 → ID20308,19,,,,,,,,,,,
ID20661 → ID20628,19,,,,,,,,,,,
ID21149 → ID21131,19,,,,,,,,,,,
ID20860 → ID20810,19,,,,,,,,,,,
ID20239 → ID20248,19,,,,,,,,,,,
ID21120 → ID21149,19,,,,,,,,,,,
ID19943 → ID20017,19,,,,,,,,,,,
ID20969 → ID20916,19,,,,,,,,,,,
ID20017 → ID19980,19,,,,,,,,,,,
ID20111 → ID20128,19,,,,,,,,,,,
ID20653 → ID20642,19,,,,,,,,,,,
ID20509 → ID20524,19,,,,,,,,,,,
ID20926 → ID20960,19,,,,,,,,,,,
ID20281 → ID20289,19,,,,,,,,,,,
ID20289 → ID20344,19,,,,,,,,,,,
ID20248 → ID20258,19,,,,,,,,,,,
ID20452 → ID20468,19,,,,,,,,,,,
ID20468 → ID20494,19,,,,,,,,,,,
ID20810 → ID20830,19,,,,,,,,,,,
ID20494 → ID20477,19,,,,,,,,,,,
ID20960 → ID20981,19,,,,,,,,,,,
ID20158 → ID20118,19,,,,,,,,,,,
ID20152 → ID20200,19,,,,,,,,,,,
ID20223 → ID20238,19,,,,,,,,,,,
ID20916 → ID20941,19,,,,,,,,,,,
ID20941 → ID20926,19,,,,,,,,,,,
ID20398 → ID20325,19,,,,,,,,,,,
ID20033 → ID20011,19,,,,,,,,,,,
ID20325 → ID20370,19,,,,,,,,,,,
ID20128 → ID20201,19,,,,,,,,,,,
ID20407 → ID20415,19,,,,,,,,,,,
ID20599 → ID20592,19,,,,,,,,,,,
ID20083 → ID20076,19,,,,,,,,,,,
ID21079 → ID21183,19,,,,,,,,,,,
ID20841 → ID20881,19,,,,,,,,,,,
ID20353 → ID20398,19,,,,,,,,,,,
ID20728 → ID20768,19,,,,,,,,,,,
ID20881 → ID20898,19,,,,,,,,,,,
ID20002 → ID20048,19,,,,,,,,,,,
ID20177 → ID20223,19,,,,,,,,,,,
ID20584 → ID20599,19,,,,,,,,,,,
ID19977 → ID19988,19,,,,,,,,,,,
ID20370 → ID20378,19,,,,,,,,,,,
ID19988 → ID19965,19,,,,,,,,,,,
ID20549 → ID20539,19,,,,,,,,,,,
ID20711 → ID20691,19,,,,,,,,,,,
ID19965 → ID20054,19,,,,,,,,,,,
ID20430 → ID20438,19,,,,,,,,,,,
ID20298 → ID20353,19,,,,,,,,,,,
ID21131 → ID21079,19,,,,,,,,,,,
ID20516 → ID20502,19,,,,,,,,,,,
ID20422 → ID20430,19,,,,,,,,,,,
ID20801 → ID20860,19,,,,,,,,,,,
ID20324 → ID20298,19,,,,,,,,,,,
ID20540 → ID20549,19,,,,,,,,,,,
ID21110 → ID21058,19,,,,,,,,,,,
ID20748 → ID20711,19,,,,,,,,,,,
ID20258 → ID20266,19,,,,,,,,,,,
ID20830 → ID20820,19,,,,,,,,,,,
ID20991 → ID21001,19,,,,,,,,,,,
ID20076 → ID20101,19,,,,,,,,,,,
ID20445 → ID20452,19,,,,,,,,,,,
ID21039 → ID21019,19,,,,,,,,,,,
ID21011 → ID21110,19,,,,,,,,,,,
ID20930 → ID20950,19,,,,,,,,,,,
ID19954 → ID19948,19,,,,,,,,,,,
ID20036 → ID20066,20,,,,,,,,,,,
ID20006 → ID20036,20,,,,,,,,,,,
ID20149 → ID20107,21,,,,,,,,,,,
ID20188 → ID20213,21,,,,,,,,,,,
ID20074 → ID20097,21,,,,,,,,,,,
ID20114 → ID20149,21,,,,,,,,,,,
ID20140 → ID20154,21,,,,,,,,,,,
ID20154 → ID20114,21,,,,,,,,,,,
ID20080 → ID20074,21,,,,,,,,,,,
ID20043 → ID20080,21,,,,,,,,,,,
ID20122 → ID20188,21,,,,,,,,,,,
ID20213 → ID20234,21,,,,,,,,,,,
ID20097 → ID20088,21,,,,,,,,,,,
ID20088 → ID20131,21,,,,,,,,,,,
ID20107 → ID20122,21,,,,,,,,,,,
ID19996 → ID20043,21,,,,,,,,,,,
ID20162 → ID20140,21,,,,,,,,,,,
ID20131 → ID20162,21,,,,,,,,,,,
ID20089 → ID20163,22,,,,,,,,,,,
ID20163 → ID20141,22,,,,,,,,,,,
ID20141 → ID20155,22,,,,,,,,,,,
ID20098 → ID20089,22,,,,,,,,,,,
ID20151 → ID20199,23,,,,,,,,,,,
ID20143 → ID20157,23,,,,,,,,,,,
ID20174 → ID20218,23,,,,,,,,,,,
ID20191 → ID20174,23,,,,,,,,,,,
ID20117 → ID20151,23,,,,,,,,,,,
ID20109 → ID20125,23,,,,,,,,,,,
ID20165 → ID20143,23,,,,,,,,,,,
ID20157 → ID20117,23,,,,,,,,,,,
ID20125 → ID20191,23,,,,,,,,,,,
ID20199 → ID20109,23,,,,,,,,,,,
ID22129 → ID22151,24,,,,,,,,,,,
ID20505 → ID20520,24,,,,,,,,,,,
ID21422 → ID21478,24,,,,,,,,,,,
ID20978 → ID20987,24,,,,,,,,,,,
ID21358 → ID21370,24,,,,,,,,,,,
ID21437 → ID21463,24,,,,,,,,,,,
ID21784 → ID21793,24,,,,,,,,,,,
ID21885 → ID21862,24,,,,,,,,,,,
ID21391 → ID21413,24,,,,,,,,,,,
ID20736 → ID20725,24,,,,,,,,,,,
ID20373 → ID20381,24,,,,,,,,,,,
ID20442 → ID20449,24,,,,,,,,,,,
ID20589 → ID20605,24,,,,,,,,,,,
ID21761 → ID21784,24,,,,,,,,,,,
ID21165 → ID21154,24,,,,,,,,,,,
ID21096 → ID21008,24,,,,,,,,,,,
ID21028 → ID21046,24,,,,,,,,,,,
ID20284 → ID20338,24,,,,,,,,,,,
ID20330 → ID20316,24,,,,,,,,,,,
ID21584 → ID21592,24,,,,,,,,,,,
ID22197 → ID22206,24,,,,,,,,,,,
ID21269 → ID21299,24,,,,,,,,,,,
ID21906 → ID21965,24,,,,,,,,,,,
ID21750 → ID21761,24,,,,,,,,,,,
ID20938 → ID20919,24,,,,,,,,,,,
ID22038 → ID22054,24,,,,,,,,,,,
ID20147 → ID20196,24,,,,,,,,,,,
ID21725 → ID21694,24,,,,,,,,,,,
ID20313 → ID20365,24,,,,,,,,,,,
ID21145 → ID21126,24,,,,,,,,,,,
ID21115 → ID21145,24,,,,,,,,,,,
ID20208 → ID20227,24,,,,,,,,,,,
ID20716 → ID20698,24,,,,,,,,,,,
ID21126 → ID21075,24,,,,,,,,,,,
ID21619 → ID21638,24,,,,,,,,,,,
ID20887 → ID20927,24,,,,,,,,,,,
ID20292 → ID20349,24,,,,,,,,,,,
ID20434 → ID20442,24,,,,,,,,,,,
ID21370 → ID21381,24,,,,,,,,,,,
ID21017 → ID21096,24,,,,,,,,,,,
ID21263 → ID21314,24,,,,,,,,,,,
ID21463 → ID21503,24,,,,,,,,,,,
ID21999 → ID22024,24,,,,,,,,,,,
ID20597 → ID20589,24,,,,,,,,,,,
ID20105 → ID20121,24,,,,,,,,,,,
ID20808 → ID20827,24,,,,,,,,,,,
ID21828 → ID21848,24,,,,,,,,,,,
ID20846 → ID20887,24,,,,,,,,,,,
ID21771 → ID21737,24,,,,,,,,,,,
ID21381 → ID21391,24,,,,,,,,,,,
ID20547 → ID20535,24,,,,,,,,,,,
ID20233 → ID20180,24,,,,,,,,,,,
ID20787 → ID20798,24,,,,,,,,,,,
ID22176 → ID22197,24,,,,,,,,,,,
ID21242 → ID21263,24,,,,,,,,,,,
ID20490 → ID20475,24,,,,,,,,,,,
ID20698 → ID20746,24,,,,,,,,,,,
ID20958 → ID20978,24,,,,,,,,,,,
ID21230 → ID21294,24,,,,,,,,,,,
ID21671 → ID21685,24,,,,,,,,,,,
ID22263 → ID22275,24,,,,,,,,,,,
ID22057 → ID22073,24,,,,,,,,,,,
ID20303 → ID20330,24,,,,,,,,,,,
ID21862 → ID21874,24,,,,,,,,,,,
ID21055 → ID21085,24,,,,,,,,,,,
ID21294 → ID21231,24,,,,,,,,,,,
ID20998 → ID21028,24,,,,,,,,,,,
ID21046 → ID21036,24,,,,,,,,,,,
ID20708 → ID20688,24,,,,,,,,,,,
ID20121 → ID20187,24,,,,,,,,,,,
ID21413 → ID21402,24,,,,,,,,,,,
ID20196 → ID20105,24,,,,,,,,,,,
ID20879 → ID20894,24,,,,,,,,,,,
ID21592 → ID21601,24,,,,,,,,,,,
ID21715 → ID21771,24,,,,,,,,,,,
ID22073 → ID22085,24,,,,,,,,,,,
ID21195 → ID21187,24,,,,,,,,,,,
ID21325 → ID21230,24,,,,,,,,,,,
ID21566 → ID21584,24,,,,,,,,,,,
ID21894 → ID21942,24,,,,,,,,,,,
ID21704 → ID21715,24,,,,,,,,,,,
ID20966 → ID20910,24,,,,,,,,,,,
ID21521 → ID21490,24,,,,,,,,,,,
ID21953 → ID22013,24,,,,,,,,,,,
ID20615 → ID20648,24,,,,,,,,,,,
ID20910 → ID20938,24,,,,,,,,,,,
ID21647 → ID21659,24,,,,,,,,,,,
ID20927 → ID20947,24,,,,,,,,,,,
ID21085 → ID21115,24,,,,,,,,,,,
ID20365 → ID20373,24,,,,,,,,,,,
ID21339 → ID21347,24,,,,,,,,,,,
ID21218 → ID21279,24,,,,,,,,,,,
ID21231 → ID21242,24,,,,,,,,,,,
ID20419 → ID20426,24,,,,,,,,,,,
ID20180 → ID20208,24,,,,,,,,,,,
ID22216 → ID22239,24,,,,,,,,,,,
ID21402 → ID21452,24,,,,,,,,,,,
ID20457 → ID20513,24,,,,,,,,,,,
ID20566 → ID20582,24,,,,,,,,,,,
ID20555 → ID20566,24,,,,,,,,,,,
ID20513 → ID20498,24,,,,,,,,,,,
ID22239 → ID22251,24,,,,,,,,,,,
ID20212 → ID20233,24,,,,,,,,,,,
ID21685 → ID21725,24,,,,,,,,,,,
ID22054 → ID22057,24,,,,,,,,,,,
ID20765 → ID20757,24,,,,,,,,,,,
ID21075 → ID21176,24,,,,,,,,,,,
ID21574 → ID21566,24,,,,,,,,,,,
ID21737 → ID21750,24,,,,,,,,,,,
ID21176 → ID21064,24,,,,,,,,,,,
ID20894 → ID20846,24,,,,,,,,,,,
ID22162 → ID22176,24,,,,,,,,,,,
ID21008 → ID21107,24,,,,,,,,,,,
ID20481 → ID20537,24,,,,,,,,,,,
ID21136 → ID21195,24,,,,,,,,,,,
ID20535 → ID20574,24,,,,,,,,,,,
ID20269 → ID20276,24,,,,,,,,,,,
ID20349 → ID20392,24,,,,,,,,,,,
ID20449 → ID20464,24,,,,,,,,,,,
ID20725 → ID20765,24,,,,,,,,,,,
ID20426 → ID20434,24,,,,,,,,,,,
ID21187 → ID21202,24,,,,,,,,,,,
ID21987 → ID21999,24,,,,,,,,,,,
ID20605 → ID20615,24,,,,,,,,,,,
ID20987 → ID20998,24,,,,,,,,,,,
ID21154 → ID21136,24,,,,,,,,,,,
ID22102 → ID22116,24,,,,,,,,,,,
ID22024 → ID22038,24,,,,,,,,,,,
ID20475 → ID20457,24,,,,,,,,,,,
ID20837 → ID20879,24,,,,,,,,,,,
ID21299 → ID21339,24,,,,,,,,,,,
ID21694 → ID21704,24,,,,,,,,,,,
ID21629 → ID21647,24,,,,,,,,,,,
ID20316 → ID20292,24,,,,,,,,,,,
ID21659 → ID21671,24,,,,,,,,,,,
ID20263 → ID20269,24,,,,,,,,,,,
ID22116 → ID22129,24,,,,,,,,,,,
ID20244 → ID20252,24,,,,,,,,,,,
ID21965 → ID21918,24,,,,,,,,,,,
ID21982 → ID21987,24,,,,,,,,,,,
ID22226 → ID22216,24,,,,,,,,,,,
ID21510 → ID21545,24,,,,,,,,,,,
ID21064 → ID21165,24,,,,,,,,,,,
ID20947 → ID20867,24,,,,,,,,,,,
ID20227 → ID20244,24,,,,,,,,,,,
ID20381 → ID20357,24,,,,,,,,,,,
ID21210 → ID21218,24,,,,,,,,,,,
ID22085 → ID22100,24,,,,,,,,,,,
ID21107 → ID21055,24,,,,,,,,,,,
ID20688 → ID20736,24,,,,,,,,,,,
ID21279 → ID21251,24,,,,,,,,,,,
ID21503 → ID21521,24,,,,,,,,,,,
ID20537 → ID20547,24,,,,,,,,,,,
ID20867 → ID20966,24,,,,,,,,,,,
ID21314 → ID21269,24,,,,,,,,,,,
ID20357 → ID20402,24,,,,,,,,,,,
ID21814 → ID21835,24,,,,,,,,,,,
ID20276 → ID20284,24,,,,,,,,,,,
ID22206 → ID22226,24,,,,,,,,,,,
ID22251 → ID22263,24,,,,,,,,,,,
ID20392 → ID20313,24,,,,,,,,,,,
ID20625 → ID20667,24,,,,,,,,,,,
ID21942 → ID21934,24,,,,,,,,,,,
ID20798 → ID20857,24,,,,,,,,,,,
ID20464 → ID20490,24,,,,,,,,,,,
ID20634 → ID20639,24,,,,,,,,,,,
ID21874 → ID21894,24,,,,,,,,,,,
ID20402 → ID20411,24,,,,,,,,,,,
ID20171 → ID20212,24,,,,,,,,,,,
ID21835 → ID21828,24,,,,,,,,,,,
ID21934 → ID21906,24,,,,,,,,,,,
ID20648 → ID20634,24,,,,,,,,,,,
ID21490 → ID21510,24,,,,,,,,,,,
ID21347 → ID21358,24,,,,,,,,,,,
ID21452 → ID21422,24,,,,,,,,,,,
ID20667 → ID20678,24,,,,,,,,,,,
ID21036 → ID21017,24,,,,,,,,,,,
ID21611 → ID21619,24,,,,,,,,,,,
ID20658 → ID20625,24,,,,,,,,,,,
ID20582 → ID20597,24,,,,,,,,,,,
ID20574 → ID20555,24,,,,,,,,,,,
ID21545 → ID21533,24,,,,,,,,,,,
ID21202 → ID21210,24,,,,,,,,,,,
ID21478 → ID21437,24,,,,,,,,,,,
ID20827 → ID20818,24,,,,,,,,,,,
ID20338 → ID20303,24,,,,,,,,,,,
ID20776 → ID20787,24,,,,,,,,,,,
ID21251 → ID21325,24,,,,,,,,,,,
ID21533 → ID21557,24,,,,,,,,,,,
ID20252 → ID20263,24,,,,,,,,,,,
ID20678 → ID20716,24,,,,,,,,,,,
ID20520 → ID20481,24,,,,,,,,,,,
ID20857 → ID20808,24,,,,,,,,,,,
ID20746 → ID20708,24,,,,,,,,,,,
ID20818 → ID20837,24,,,,,,,,,,,
ID21848 → ID21885,24,,,,,,,,,,,
ID20757 → ID20776,24,,,,,,,,,,,
ID21793 → ID21803,24,,,,,,,,,,,
ID21918 → ID21953,24,,,,,,,,,,,
ID21557 → ID21574,24,,,,,,,,,,,
ID22013 → ID21982,24,,,,,,,,,,,
ID22151 → ID22141,24,,,,,,,,,,,
ID21803 → ID21814,24,,,,,,,,,,,
ID20411 → ID20419,24,,,,,,,,,,,
ID22100 → ID22102,24,,,,,,,,,,,
ID21601 → ID21611,24,,,,,,,,,,,
ID20639 → ID20658,24,,,,,,,,,,,
ID20187 → ID20171,24,,,,,,,,,,,
ID20498 → ID20505,24,,,,,,,,,,,
ID22141 → ID22186,24,,,,,,,,,,,
ID21638 → ID21629,24,,,,,,,,,,,
ID22186 → ID22162,24,,,,,,,,,,,
ID20919 → ID20958,24,,,,,,,,,,,
ID20403 → ID20412,25,,,,,,,,,,,
ID20459 → ID20514,25,,,,,,,,,,,
ID20280 → ID20287,25,,,,,,,,,,,
ID20342 → ID20306,25,,,,,,,,,,,
ID20631 → ID20635,25,,,,,,,,,,,
ID20247 → ID20256,25,,,,,,,,,,,
ID20552 → ID20563,25,,,,,,,,,,,
ID20443 → ID20450,25,,,,,,,,,,,
ID20420 → ID20427,25,,,,,,,,,,,
ID20474 → ID20459,25,,,,,,,,,,,
ID20595 → ID20588,25,,,,,,,,,,,
ID20656 → ID20623,25,,,,,,,,,,,
ID20287 → ID20342,25,,,,,,,,,,,
ID20635 → ID20656,25,,,,,,,,,,,
ID20647 → ID20631,25,,,,,,,,,,,
ID20265 → ID20272,25,,,,,,,,,,,
ID20412 → ID20420,25,,,,,,,,,,,
ID20220 → ID20237,25,,,,,,,,,,,
ID20183 → ID20214,25,,,,,,,,,,,
ID20492 → ID20474,25,,,,,,,,,,,
ID20436 → ID20443,25,,,,,,,,,,,
ID20532 → ID20528,25,,,,,,,,,,,
ID20232 → ID20247,25,,,,,,,,,,,
ID20754 → ID20774,25,,,,,,,,,,,
ID20614 → ID20647,25,,,,,,,,,,,
ID20722 → ID20764,25,,,,,,,,,,,
ID20666 → ID20673,25,,,,,,,,,,,
ID20322 → ID20295,25,,,,,,,,,,,
ID20580 → ID20595,25,,,,,,,,,,,
ID20333 → ID20322,25,,,,,,,,,,,
ID20295 → ID20352,25,,,,,,,,,,,
ID20521 → ID20482,25,,,,,,,,,,,
ID20623 → ID20666,25,,,,,,,,,,,
ID20256 → ID20265,25,,,,,,,,,,,
ID20272 → ID20280,25,,,,,,,,,,,
ID20695 → ID20743,25,,,,,,,,,,,
ID20319 → ID20368,25,,,,,,,,,,,
ID20358 → ID20403,25,,,,,,,,,,,
ID20507 → ID20521,25,,,,,,,,,,,
ID20352 → ID20395,25,,,,,,,,,,,
ID20368 → ID20376,25,,,,,,,,,,,
ID20175 → ID20220,25,,,,,,,,,,,
ID20706 → ID20686,25,,,,,,,,,,,
ID20450 → ID20466,25,,,,,,,,,,,
ID20764 → ID20754,25,,,,,,,,,,,
ID20686 → ID20733,25,,,,,,,,,,,
ID20514 → ID20499,25,,,,,,,,,,,
ID20733 → ID20722,25,,,,,,,,,,,
ID20571 → ID20552,25,,,,,,,,,,,
ID20126 → ID20193,25,,,,,,,,,,,
ID20376 → ID20383,25,,,,,,,,,,,
ID20482 → ID20532,25,,,,,,,,,,,
ID20193 → ID20175,25,,,,,,,,,,,
ID20528 → ID20571,25,,,,,,,,,,,
ID20604 → ID20614,25,,,,,,,,,,,
ID20395 → ID20319,25,,,,,,,,,,,
ID20673 → ID20715,25,,,,,,,,,,,
ID20427 → ID20436,25,,,,,,,,,,,
ID20306 → ID20333,25,,,,,,,,,,,
ID20214 → ID20232,25,,,,,,,,,,,
ID20743 → ID20706,25,,,,,,,,,,,
ID20466 → ID20492,25,,,,,,,,,,,
ID20383 → ID20358,25,,,,,,,,,,,
ID20237 → ID20183,25,,,,,,,,,,,
ID20715 → ID20695,25,,,,,,,,,,,
ID20563 → ID20580,25,,,,,,,,,,,
ID20499 → ID20507,25,,,,,,,,,,,
ID20588 → ID20604,25,,,,,,,,,,,
ID20176 → ID20222,26,,,,,,,,,,,
ID20195 → ID20176,26,,,,,,,,,,,
ID20127 → ID20195,26,,,,,,,,,,,
ID20506 → ID20518,27,,,,,,,,,,,
ID20632 → ID20638,27,,,,,,,,,,,
ID20500 → ID20506,27,,,,,,,,,,,
ID20531 → ID20572,27,,,,,,,,,,,
ID20581 → ID20596,27,,,,,,,,,,,
ID20606 → ID20616,27,,,,,,,,,,,
ID20425 → ID20433,27,,,,,,,,,,,
ID20350 → ID20393,27,,,,,,,,,,,
ID20418 → ID20425,27,,,,,,,,,,,
ID20480 → ID20533,27,,,,,,,,,,,
ID20458 → ID20512,27,,,,,,,,,,,
ID20649 → ID20632,27,,,,,,,,,,,
ID20331 → ID20317,27,,,,,,,,,,,
ID20245 → ID20264,27,,,,,,,,,,,
ID20355 → ID20401,27,,,,,,,,,,,
ID20317 → ID20293,27,,,,,,,,,,,
ID20433 → ID20441,27,,,,,,,,,,,
ID20448 → ID20465,27,,,,,,,,,,,
ID20410 → ID20418,27,,,,,,,,,,,
ID20512 → ID20500,27,,,,,,,,,,,
ID20277 → ID20339,27,,,,,,,,,,,
ID20473 → ID20458,27,,,,,,,,,,,
ID20304 → ID20331,27,,,,,,,,,,,
ID20553 → ID20564,27,,,,,,,,,,,
ID20270 → ID20277,27,,,,,,,,,,,
ID20264 → ID20270,27,,,,,,,,,,,
ID20564 → ID20581,27,,,,,,,,,,,
ID20596 → ID20590,27,,,,,,,,,,,
ID20228 → ID20245,27,,,,,,,,,,,
ID20518 → ID20480,27,,,,,,,,,,,
ID20572 → ID20553,27,,,,,,,,,,,
ID20393 → ID20314,27,,,,,,,,,,,
ID20374 → ID20382,27,,,,,,,,,,,
ID20382 → ID20355,27,,,,,,,,,,,
ID20293 → ID20350,27,,,,,,,,,,,
ID20533 → ID20544,27,,,,,,,,,,,
ID20314 → ID20366,27,,,,,,,,,,,
ID20366 → ID20374,27,,,,,,,,,,,
ID20441 → ID20448,27,,,,,,,,,,,
ID20616 → ID20649,27,,,,,,,,,,,
ID20401 → ID20410,27,,,,,,,,,,,
ID20544 → ID20531,27,,,,,,,,,,,
ID20590 → ID20606,27,,,,,,,,,,,
ID20465 → ID20473,27,,,,,,,,,,,
ID20339 → ID20304,27,,,,,,,,,,,
ID20323 → ID20296,28,,,,,,,,,,,
ID20343 → ID20307,28,,,,,,,,,,,
ID20377 → ID20359,28,,,,,,,,,,,
ID20369 → ID20377,28,,,,,,,,,,,
ID20359 → ID20404,28,,,,,,,,,,,
ID20335 → ID20323,28,,,,,,,,,,,
ID20321 → ID20369,28,,,,,,,,,,,
ID20396 → ID20321,28,,,,,,,,,,,
ID20307 → ID20335,28,,,,,,,,,,,
ID20296 → ID20396,28,,,,,,,,,,,
ID20294 → ID20351,29,,,,,,,,,,,
ID20318 → ID20294,29,,,,,,,,,,,
ID20351 → ID20394,29,,,,,,,,,,,
ID20444 → ID20451,30,,,,,,,,,,,
ID20575 → ID20556,31,,,,,,,,,,,
ID20640 → ID20660,32,,,,,,,,,,,
ID20660 → ID20627,32,,,,,,,,,,,
ID20652 → ID20637,32,,,,,,,,,,,
ID20627 → ID20669,32,,,,,,,,,,,
ID20608 → ID20618,32,,,,,,,,,,,
ID20637 → ID20640,32,,,,,,,,,,,
ID20618 → ID20652,32,,,,,,,,,,,
ID20663 → ID20670,33,,,,,,,,,,,
ID20689 → ID20735,34,,,,,,,,,,,
ID20697 → ID20745,34,,,,,,,,,,,
ID20735 → ID20724,34,,,,,,,,,,,
ID20676 → ID20717,34,,,,,,,,,,,
ID20717 → ID20697,34,,,,,,,,,,,
ID20745 → ID20709,34,,,,,,,,,,,
ID20724 → ID20766,34,,,,,,,,,,,
ID20709 → ID20689,34,,,,,,,,,,,
ID20703 → ID20682,35,,,,,,,,,,,
ID20682 → ID20730,35,,,,,,,,,,,
ID20758 → ID20778,36,,,,,,,,,,,
ID20819 → ID20840,36,,,,,,,,,,,
ID20799 → ID20858,36,,,,,,,,,,,
ID20897 → ID20848,36,,,,,,,,,,,
ID20726 → ID20767,36,,,,,,,,,,,
ID20840 → ID20880,36,,,,,,,,,,,
ID20858 → ID20809,36,,,,,,,,,,,
ID20829 → ID20819,36,,,,,,,,,,,
ID20737 → ID20726,36,,,,,,,,,,,
ID20778 → ID20799,36,,,,,,,,,,,
ID20809 → ID20829,36,,,,,,,,,,,
ID20767 → ID20758,36,,,,,,,,,,,
ID20880 → ID20897,36,,,,,,,,,,,
ID20848 → ID20889,36,,,,,,,,,,,
ID20877 → ID20892,37,,,,,,,,,,,
ID20806 → ID20815,37,,,,,,,,,,,
ID20854 → ID20806,37,,,,,,,,,,,
ID20815 → ID20836,37,,,,,,,,,,,
ID20836 → ID20877,37,,,,,,,,,,,
ID20795 → ID20854,37,,,,,,,,,,,
ID20873 → ID20890,38,,,,,,,,,,,
ID20943 → ID20862,38,,,,,,,,,,,
ID20851 → ID20803,38,,,,,,,,,,,
ID20803 → ID20821,38,,,,,,,,,,,
ID20821 → ID20812,38,,,,,,,,,,,
ID20890 → ID20883,38,,,,,,,,,,,
ID20883 → ID20912,38,,,,,,,,,,,
ID20833 → ID20873,38,,,,,,,,,,,
ID20812 → ID20833,38,,,,,,,,,,,
ID20912 → ID20943,38,,,,,,,,,,,
ID20817 → ID20838,39,,,,,,,,,,,
ID20838 → ID20878,39,,,,,,,,,,,
ID20946 → ID20865,40,,,,,,,,,,,
ID20909 → ID20937,40,,,,,,,,,,,
ID20865 → ID20909,40,,,,,,,,,,,
ID20990 → ID21029,41,,,,,,,,,,,
ID21118 → ID21148,41,,,,,,,,,,,
ID20940 → ID20922,41,,,,,,,,,,,
ID21109 → ID21057,41,,,,,,,,,,,
ID21038 → ID21018,41,,,,,,,,,,,
ID21099 → ID21010,41,,,,,,,,,,,
ID21057 → ID21088,41,,,,,,,,,,,
ID20922 → ID20979,41,,,,,,,,,,,
ID21029 → ID21048,41,,,,,,,,,,,
ID21018 → ID21099,41,,,,,,,,,,,
ID21048 → ID21038,41,,,,,,,,,,,
ID21088 → ID21118,41,,,,,,,,,,,
ID21010 → ID21109,41,,,,,,,,,,,
ID20979 → ID20990,41,,,,,,,,,,,
ID21125 → ID21074,42,,,,,,,,,,,
ID21144 → ID21125,42,,,,,,,,,,,
ID21229 → ID21241,42,,,,,,,,,,,
ID21007 → ID21105,42,,,,,,,,,,,
ID21241 → ID21261,42,,,,,,,,,,,
ID21062 → ID21164,42,,,,,,,,,,,
ID21209 → ID21217,42,,,,,,,,,,,
ID21186 → ID21201,42,,,,,,,,,,,
ID21164 → ID21153,42,,,,,,,,,,,
ID21288 → ID21229,42,,,,,,,,,,,
ID21074 → ID21175,42,,,,,,,,,,,
ID21193 → ID21186,42,,,,,,,,,,,
ID21054 → ID21084,42,,,,,,,,,,,
ID21250 → ID21324,42,,,,,,,,,,,
ID21312 → ID21265,42,,,,,,,,,,,
ID21175 → ID21062,42,,,,,,,,,,,
ID21324 → ID21226,42,,,,,,,,,,,
ID20975 → ID20986,42,,,,,,,,,,,
ID21135 → ID21193,42,,,,,,,,,,,
ID21044 → ID21035,42,,,,,,,,,,,
ID21105 → ID21054,42,,,,,,,,,,,
ID21201 → ID21209,42,,,,,,,,,,,
ID21035 → ID21016,42,,,,,,,,,,,
ID21153 → ID21135,42,,,,,,,,,,,
ID21217 → ID21278,42,,,,,,,,,,,
ID20986 → ID20996,42,,,,,,,,,,,
ID21114 → ID21144,42,,,,,,,,,,,
ID21278 → ID21250,42,,,,,,,,,,,
ID21226 → ID21288,42,,,,,,,,,,,
ID21016 → ID21094,42,,,,,,,,,,,
ID21265 → ID21293,42,,,,,,,,,,,
ID21261 → ID21312,42,,,,,,,,,,,
ID20996 → ID21024,42,,,,,,,,,,,
ID21024 → ID21044,42,,,,,,,,,,,
ID21094 → ID21007,42,,,,,,,,,,,
ID21084 → ID21114,42,,,,,,,,,,,
ID21098 → ID21009,43,,,,,,,,,,,
ID21167 → ID21155,43,,,,,,,,,,,
ID21128 → ID21077,43,,,,,,,,,,,
ID21139 → ID21196,43,,,,,,,,,,,
ID21147 → ID21128,43,,,,,,,,,,,
ID21117 → ID21147,43,,,,,,,,,,,
ID21178 → ID21167,43,,,,,,,,,,,
ID21009 → ID21056,43,,,,,,,,,,,
ID21087 → ID21117,43,,,,,,,,,,,
ID21196 → ID21188,43,,,,,,,,,,,
ID21155 → ID21139,43,,,,,,,,,,,
ID21056 → ID21087,43,,,,,,,,,,,
ID21077 → ID21178,43,,,,,,,,,,,
ID21204 → ID21213,44,,,,,,,,,,,
ID21385 → ID21395,44,,,,,,,,,,,
ID21426 → ID21483,44,,,,,,,,,,,
ID21159 → ID21141,44,,,,,,,,,,,
ID21253 → ID21328,44,,,,,,,,,,,
ID21198 → ID21190,44,,,,,,,,,,,
ID21245 → ID21267,44,,,,,,,,,,,
ID21273 → ID21305,44,,,,,,,,,,,
ID21343 → ID21350,44,,,,,,,,,,,
ID21070 → ID21169,44,,,,,,,,,,,
ID21267 → ID21318,44,,,,,,,,,,,
ID21281 → ID21253,44,,,,,,,,,,,
ID21374 → ID21385,44,,,,,,,,,,,
ID21300 → ID21235,44,,,,,,,,,,,
ID21328 → ID21237,44,,,,,,,,,,,
ID21141 → ID21198,44,,,,,,,,,,,
ID21213 → ID21222,44,,,,,,,,,,,
ID21406 → ID21455,44,,,,,,,,,,,
ID21190 → ID21204,44,,,,,,,,,,,
ID21181 → ID21070,44,,,,,,,,,,,
ID21235 → ID21245,44,,,,,,,,,,,
ID21305 → ID21343,44,,,,,,,,,,,
ID21318 → ID21273,44,,,,,,,,,,,
ID21395 → ID21420,44,,,,,,,,,,,
ID21350 → ID21364,44,,,,,,,,,,,
ID21364 → ID21374,44,,,,,,,,,,,
ID21455 → ID21426,44,,,,,,,,,,,
ID21483 → ID21442,44,,,,,,,,,,,
ID21169 → ID21159,44,,,,,,,,,,,
ID21222 → ID21281,44,,,,,,,,,,,
ID21237 → ID21300,44,,,,,,,,,,,
ID21420 → ID21406,44,,,,,,,,,,,
ID21172 → ID21060,45,,,,,,,,,,,
ID20896 → ID20847,46,,,,,,,,,,,
ID21284 → ID21255,47,,,,,,,,,,,
ID21224 → ID21284,47,,,,,,,,,,,
ID21271 → ID21302,48,,,,,,,,,,,
ID21326 → ID21232,48,,,,,,,,,,,
ID21297 → ID21234,48,,,,,,,,,,,
ID21317 → ID21271,48,,,,,,,,,,,
ID21234 → ID21244,48,,,,,,,,,,,
ID21244 → ID21266,48,,,,,,,,,,,
ID21266 → ID21317,48,,,,,,,,,,,
ID21232 → ID21297,48,,,,,,,,,,,
ID21302 → ID21341,48,,,,,,,,,,,
ID21464 → ID21505,49,,,,,,,,,,,
ID21414 → ID21403,49,,,,,,,,,,,
ID21438 → ID21464,49,,,,,,,,,,,
ID21233 → ID21243,49,,,,,,,,,,,
ID21522 → ID21491,49,,,,,,,,,,,
ID21546 → ID21534,49,,,,,,,,,,,
ID21264 → ID21315,49,,,,,,,,,,,
ID21403 → ID21423,49,,,,,,,,,,,
ID21479 → ID21438,49,,,,,,,,,,,
ID21359 → ID21371,49,,,,,,,,,,,
ID21371 → ID21382,49,,,,,,,,,,,
ID21301 → ID21340,49,,,,,,,,,,,
ID21340 → ID21348,49,,,,,,,,,,,
ID21505 → ID21522,49,,,,,,,,,,,
ID21348 → ID21359,49,,,,,,,,,,,
ID21392 → ID21414,49,,,,,,,,,,,
ID21423 → ID21479,49,,,,,,,,,,,
ID21382 → ID21392,49,,,,,,,,,,,
ID21511 → ID21546,49,,,,,,,,,,,
ID21315 → ID21301,49,,,,,,,,,,,
ID21491 → ID21511,49,,,,,,,,,,,
ID21243 → ID21264,49,,,,,,,,,,,
ID21320 → ID21276,50,,,,,,,,,,,
ID21276 → ID21308,50,,,,,,,,,,,
ID21330 → ID21345,51,,,,,,,,,,,
ID21345 → ID21353,51,,,,,,,,,,,
ID21356 → ID21368,52,,,,,,,,,,,
ID21368 → ID21379,52,,,,,,,,,,,
ID21390 → ID21411,53,,,,,,,,,,,
ID21380 → ID21390,53,,,,,,,,,,,
ID21383 → ID21393,54,,,,,,,,,,,
ID21446 → ID21471,55,,,,,,,,,,,
ID21429 → ID21485,55,,,,,,,,,,,
ID21457 → ID21429,55,,,,,,,,,,,
ID21485 → ID21446,55,,,,,,,,,,,
ID21408 → ID21457,55,,,,,,,,,,,
ID21475 → ID21436,56,,,,,,,,,,,
ID21461 → ID21499,56,,,,,,,,,,,
ID21421 → ID21475,56,,,,,,,,,,,
ID21436 → ID21461,56,,,,,,,,,,,
ID20789 → ID20800,57,,,,,,,,,,,
ID21527 → ID21494,58,,,,,,,,,,,
ID21443 → ID21468,58,,,,,,,,,,,
ID21508 → ID21527,58,,,,,,,,,,,
ID21494 → ID21514,58,,,,,,,,,,,
ID21468 → ID21508,58,,,,,,,,,,,
ID21500 → ID21520,59,,,,,,,,,,,
ID21583 → ID21591,59,,,,,,,,,,,
ID21646 → ID21656,59,,,,,,,,,,,
ID21544 → ID21532,59,,,,,,,,,,,
ID21504 → ID21544,59,,,,,,,,,,,
ID21608 → ID21617,59,,,,,,,,,,,
ID21617 → ID21637,59,,,,,,,,,,,
ID21682 → ID21723,59,,,,,,,,,,,
ID21572 → ID21565,59,,,,,,,,,,,
ID21489 → ID21504,59,,,,,,,,,,,
ID21565 → ID21583,59,,,,,,,,,,,
ID21656 → ID21669,59,,,,,,,,,,,
ID21556 → ID21572,59,,,,,,,,,,,
ID21628 → ID21646,59,,,,,,,,,,,
ID21669 → ID21682,59,,,,,,,,,,,
ID21591 → ID21599,59,,,,,,,,,,,
ID21532 → ID21556,59,,,,,,,,,,,
ID21637 → ID21628,59,,,,,,,,,,,
ID21599 → ID21608,59,,,,,,,,,,,
ID21520 → ID21489,59,,,,,,,,,,,
ID21523 → ID21492,60,,,,,,,,,,,
ID21878 → ID21898,61,,,,,,,,,,,
ID22109 → ID22122,61,,,,,,,,,,,
ID21604 → ID21614,61,,,,,,,,,,,
ID22200 → ID22210,61,,,,,,,,,,,
ID21623 → ID21642,61,,,,,,,,,,,
ID21865 → ID21878,61,,,,,,,,,,,
ID21911 → ID21969,61,,,,,,,,,,,
ID21569 → ID21588,61,,,,,,,,,,,
ID21888 → ID21865,61,,,,,,,,,,,
ID21921 → ID21958,61,,,,,,,,,,,
ID22242 → ID22255,61,,,,,,,,,,,
ID21841 → ID21842,61,,,,,,,,,,,
ID21549 → ID21537,61,,,,,,,,,,,
ID21632 → ID21652,61,,,,,,,,,,,
ID21719 → ID21775,61,,,,,,,,,,,
ID21795 → ID21805,61,,,,,,,,,,,
ID21676 → ID21688,61,,,,,,,,,,,
ID22267 → ID22280,61,,,,,,,,,,,
ID21614 → ID21623,61,,,,,,,,,,,
ID22210 → ID22230,61,,,,,,,,,,,
ID21754 → ID21763,61,,,,,,,,,,,
ID21652 → ID21661,61,,,,,,,,,,,
ID21707 → ID21719,61,,,,,,,,,,,
ID21697 → ID21707,61,,,,,,,,,,,
ID21941 → ID21911,61,,,,,,,,,,,
ID22134 → ID22155,61,,,,,,,,,,,
ID21842 → ID21852,61,,,,,,,,,,,
ID21805 → ID21817,61,,,,,,,,,,,
ID22230 → ID22220,61,,,,,,,,,,,
ID22029 → ID22043,61,,,,,,,,,,,
ID21561 → ID21579,61,,,,,,,,,,,
ID21787 → ID21795,61,,,,,,,,,,,
ID21515 → ID21549,61,,,,,,,,,,,
ID21898 → ID21945,61,,,,,,,,,,,
ID22122 → ID22134,61,,,,,,,,,,,
ID22018 → ID21990,61,,,,,,,,,,,
ID22166 → ID22179,61,,,,,,,,,,,
ID21958 → ID22018,61,,,,,,,,,,,
ID22220 → ID22242,61,,,,,,,,,,,
ID22078 → ID22090,61,,,,,,,,,,,
ID21852 → ID21888,61,,,,,,,,,,,
ID21817 → ID21841,61,,,,,,,,,,,
ID22255 → ID22267,61,,,,,,,,,,,
ID21775 → ID21741,61,,,,,,,,,,,
ID21588 → ID21595,61,,,,,,,,,,,
ID22108 → ID22109,61,,,,,,,,,,,
ID21998 → ID22004,61,,,,,,,,,,,
ID21763 → ID21787,61,,,,,,,,,,,
ID21661 → ID21676,61,,,,,,,,,,,
ID22063 → ID22078,61,,,,,,,,,,,
ID21537 → ID21561,61,,,,,,,,,,,
ID21741 → ID21754,61,,,,,,,,,,,
ID21729 → ID21697,61,,,,,,,,,,,
ID21579 → ID21569,61,,,,,,,,,,,
ID22043 → ID22064,61,,,,,,,,,,,
ID21688 → ID21729,61,,,,,,,,,,,
ID22064 → ID22063,61,,,,,,,,,,,
ID22143 → ID22189,61,,,,,,,,,,,
ID21642 → ID21632,61,,,,,,,,,,,
ID21969 → ID21921,61,,,,,,,,,,,
ID22090 → ID22108,61,,,,,,,,,,,
ID22155 → ID22143,61,,,,,,,,,,,
ID22179 → ID22200,61,,,,,,,,,,,
ID21945 → ID21941,61,,,,,,,,,,,
ID21595 → ID21604,61,,,,,,,,,,,
ID22004 → ID22029,61,,,,,,,,,,,
ID22189 → ID22166,61,,,,,,,,,,,
ID21990 → ID21998,61,,,,,,,,,,,
ID21585 → ID21593,62,,,,,,,,,,,
ID21630 → ID21648,62,,,,,,,,,,,
ID21593 → ID21602,62,,,,,,,,,,,
ID21612 → ID21620,62,,,,,,,,,,,
ID21620 → ID21639,62,,,,,,,,,,,
ID21639 → ID21630,62,,,,,,,,,,,
ID21602 → ID21612,62,,,,,,,,,,,
ID20484 → ID20538,63,,,,,,,,,,,
ID21727 → ID21696,64,,,,,,,,,,,
ID21686 → ID21727,64,,,,,,,,,,,
ID21696 → ID21706,64,,,,,,,,,,,
ID21735 → ID21748,65,,,,,,,,,,,
ID21713 → ID21735,65,,,,,,,,,,,
ID21703 → ID21713,65,,,,,,,,,,,
ID21752 → ID21762,66,,,,,,,,,,,
ID21816 → ID21840,67,,,,,,,,,,,
ID21940 → ID21910,68,,,,,,,,,,,
ID21944 → ID21940,68,,,,,,,,,,,
ID21864 → ID21876,68,,,,,,,,,,,
ID21876 → ID21944,68,,,,,,,,,,,
ID21937 → ID21928,69,,,,,,,,,,,
ID22027 → ID22040,70,,,,,,,,,,,
ID22061 → ID22075,70,,,,,,,,,,,
ID22001 → ID22027,70,,,,,,,,,,,
ID22075 → ID22088,70,,,,,,,,,,,
ID22104 → ID22105,70,,,,,,,,,,,
ID22040 → ID22056,70,,,,,,,,,,,
ID22105 → ID22119,70,,,,,,,,,,,
ID22016 → ID21985,70,,,,,,,,,,,
ID22088 → ID22104,70,,,,,,,,,,,
ID21988 → ID22001,70,,,,,,,,,,,
ID22056 → ID22061,70,,,,,,,,,,,
ID21956 → ID22016,70,,,,,,,,,,,
ID22153 → ID22188,70,,,,,,,,,,,
ID21985 → ID21988,70,,,,,,,,,,,
ID22131 → ID22153,70,,,,,,,,,,,
ID22188 → ID22164,70,,,,,,,,,,,
ID22119 → ID22131,70,,,,,,,,,,,
ID21991 → ID22003,71,,,,,,,,,,,
ID21957 → ID22017,71,,,,,,,,,,,
ID22017 → ID21991,71,,,,,,,,,,,
ID22150 → ID22140,72,,,,,,,,,,,
ID22205 → ID22225,72,,,,,,,,,,,
ID22161 → ID22172,72,,,,,,,,,,,
ID22097 → ID22099,72,,,,,,,,,,,
ID22140 → ID22184,72,,,,,,,,,,,
ID22215 → ID22237,72,,,,,,,,,,,
ID22053 → ID22072,72,,,,,,,,,,,
ID22225 → ID22215,72,,,,,,,,,,,
ID21979 → ID21997,72,,,,,,,,,,,
ID22195 → ID22205,72,,,,,,,,,,,
ID22037 → ID22049,72,,,,,,,,,,,
ID22099 → ID22115,72,,,,,,,,,,,
ID22249 → ID22261,72,,,,,,,,,,,
ID22184 → ID22161,72,,,,,,,,,,,
ID21997 → ID22037,72,,,,,,,,,,,
ID22072 → ID22097,72,,,,,,,,,,,
ID22172 → ID22195,72,,,,,,,,,,,
ID22049 → ID22053,72,,,,,,,,,,,
ID22115 → ID22150,72,,,,,,,,,,,
ID22237 → ID22249,72,,,,,,,,,,,
ID22261 → ID22274,72,,,,,,,,,,,
ID21640 → ID21631,73,,,,,,,,,,,
ID22039 → ID22055,74,,,,,,,,,,,
ID22089 → ID22106,75,,,,,,,,,,,
ID22106 → ID22107,75,,,,,,,,,,,
ID22121 → ID22133,75,,,,,,,,,,,
ID22062 → ID22077,75,,,,,,,,,,,
ID22107 → ID22121,75,,,,,,,,,,,
ID22133 → ID22154,75,,,,,,,,,,,
ID22077 → ID22089,75,,,,,,,,,,,
ID22257 → ID22269,76,,,,,,,,,,,
ID22243 → ID22257,76,,,,,,,,,,,
